raceId,year,round,name,date,completed_drivers,lap_drivers,pit_drivers,pit_events,sprint_scheduled,completed_with_lap_data,completed_with_pit_data,dry_status,no_red_flag_status,passes_completed_driver_rule,passes_driver_lap_rule,passes_driver_pit_rule,passes_data_availability_rule,passes_condition_provenance_rule,passes_all_rules,selected,selection_note
1,2009,1,Australian Grand Prix,2009-03-29,11,19,0,0,False,11,0,not present in supplied CSV schema,not present in supplied CSV schema,False,True,False,False,False,False,False,
2,2009,2,Malaysian Grand Prix,2009-04-05,10,19,0,0,False,10,0,not present in supplied CSV schema,not present in supplied CSV schema,True,True,False,False,False,False,False,
3,2009,3,Chinese Grand Prix,2009-04-19,13,20,0,0,False,13,0,not present in supplied CSV schema,not present in supplied CSV schema,False,True,False,False,False,False,False,
4,2009,4,Bahrain Grand Prix,2009-04-26,13,20,0,0,False,13,0,not present in supplied CSV schema,not present in supplied CSV schema,False,True,False,False,False,False,False,
5,2009,5,Spanish Grand Prix,2009-05-10,8,16,0,0,False,8,0,not present in supplied CSV schema,not present in supplied CSV schema,True,True,False,False,False,False,False,
6,2009,6,Monaco Grand Prix,2009-05-24,9,20,0,0,False,9,0,not present in supplied CSV schema,not present in supplied CSV schema,True,True,False,False,False,False,False,
7,2009,7,Turkish Grand Prix,2009-06-07,13,20,0,0,False,13,0,not present in supplied CSV schema,not present in supplied CSV schema,False,True,False,False,False,False,False,
8,2009,8,British Grand Prix,2009-06-21,11,20,0,0,False,11,0,not present in supplied CSV schema,not present in supplied CSV schema,False,True,False,False,False,False,False,
9,2009,9,German Grand Prix,2009-07-12,17,20,0,0,False,17,0,not present in supplied CSV schema,not present in supplied CSV schema,False,True,False,False,False,False,False,
10,2009,10,Hungarian Grand Prix,2009-07-26,13,19,0,0,False,13,0,not present in supplied CSV schema,not present in supplied CSV schema,False,True,False,False,False,False,False,
11,2009,11,European Grand Prix,2009-08-23,15,20,0,0,False,15,0,not present in supplied CSV schema,not present in supplied CSV schema,False,True,False,False,False,False,False,
12,2009,12,Belgian Grand Prix,2009-08-30,14,16,0,0,False,14,0,not present in supplied CSV schema,not present in supplied CSV schema,False,True,False,False,False,False,False,
13,2009,13,Italian Grand Prix,2009-09-13,11,19,0,0,False,11,0,not present in supplied CSV schema,not present in supplied CSV schema,False,True,False,False,False,False,False,
14,2009,14,Singapore Grand Prix,2009-09-27,14,20,0,0,False,14,0,not present in supplied CSV schema,not present in supplied CSV schema,False,True,False,False,False,False,False,
15,2009,15,Japanese Grand Prix,2009-10-04,15,19,0,0,False,15,0,not present in supplied CSV schema,not present in supplied CSV schema,False,True,False,False,False,False,False,
16,2009,16,Brazilian Grand Prix,2009-10-18,12,17,0,0,False,12,0,not present in supplied CSV schema,not present in supplied CSV schema,False,True,False,False,False,False,False,
17,2009,17,Abu Dhabi Grand Prix,2009-11-01,15,20,0,0,False,15,0,not present in supplied CSV schema,not present in supplied CSV schema,False,True,False,False,False,False,False,
18,2008,1,Australian Grand Prix,2008-03-16,5,17,0,0,False,5,0,not present in supplied CSV schema,not present in supplied CSV schema,True,True,False,False,False,False,False,
19,2008,2,Malaysian Grand Prix,2008-03-23,11,21,0,0,False,11,0,not present in supplied CSV schema,not present in supplied CSV schema,False,True,False,False,False,False,False,
20,2008,3,Bahrain Grand Prix,2008-04-06,11,21,0,0,False,11,0,not present in supplied CSV schema,not present in supplied CSV schema,False,True,False,False,False,False,False,
21,2008,4,Spanish Grand Prix,2008-04-27,9,20,0,0,False,9,0,not present in supplied CSV schema,not present in supplied CSV schema,True,True,False,False,False,False,False,
22,2008,5,Turkish Grand Prix,2008-05-11,10,19,0,0,False,10,0,not present in supplied CSV schema,not present in supplied CSV schema,True,True,False,False,False,False,False,
23,2008,6,Monaco Grand Prix,2008-05-25,9,20,0,0,False,9,0,not present in supplied CSV schema,not present in supplied CSV schema,True,True,False,False,False,False,False,
24,2008,7,Canadian Grand Prix,2008-06-08,12,20,0,0,False,12,0,not present in supplied CSV schema,not present in supplied CSV schema,False,True,False,False,False,False,False,
25,2008,8,French Grand Prix,2008-06-22,13,20,0,0,False,13,0,not present in supplied CSV schema,not present in supplied CSV schema,False,True,False,False,False,False,False,
26,2008,9,British Grand Prix,2008-07-06,3,18,0,0,False,3,0,not present in supplied CSV schema,not present in supplied CSV schema,False,True,False,False,False,False,False,
27,2008,10,German Grand Prix,2008-07-20,16,20,0,0,False,16,0,not present in supplied CSV schema,not present in supplied CSV schema,False,True,False,False,False,False,False,
28,2008,11,Hungarian Grand Prix,2008-08-03,11,20,0,0,False,11,0,not present in supplied CSV schema,not present in supplied CSV schema,False,True,False,False,False,False,False,
29,2008,12,European Grand Prix,2008-08-24,11,19,0,0,False,11,0,not present in supplied CSV schema,not present in supplied CSV schema,False,True,False,False,False,False,False,
30,2008,13,Belgian Grand Prix,2008-09-07,9,20,0,0,False,9,0,not present in supplied CSV schema,not present in supplied CSV schema,True,True,False,False,False,False,False,
31,2008,14,Italian Grand Prix,2008-09-14,15,20,0,0,False,15,0,not present in supplied CSV schema,not present in supplied CSV schema,False,True,False,False,False,False,False,
32,2008,15,Singapore Grand Prix,2008-09-28,14,20,0,0,False,14,0,not present in supplied CSV schema,not present in supplied CSV schema,False,True,False,False,False,False,False,
33,2008,16,Japanese Grand Prix,2008-10-12,12,19,0,0,False,12,0,not present in supplied CSV schema,not present in supplied CSV schema,False,True,False,False,False,False,False,
34,2008,17,Chinese Grand Prix,2008-10-19,14,20,0,0,False,14,0,not present in supplied CSV schema,not present in supplied CSV schema,False,True,False,False,False,False,False,
35,2008,18,Brazilian Grand Prix,2008-11-02,9,18,0,0,False,9,0,not present in supplied CSV schema,not present in supplied CSV schema,True,True,False,False,False,False,False,
36,2007,1,Australian Grand Prix,2007-03-18,6,22,0,0,False,6,0,not present in supplied CSV schema,not present in supplied CSV schema,True,True,False,False,False,False,False,
37,2007,2,Malaysian Grand Prix,2007-04-08,10,21,0,0,False,10,0,not present in supplied CSV schema,not present in supplied CSV schema,True,True,False,False,False,False,False,
38,2007,3,Bahrain Grand Prix,2007-04-15,10,20,0,0,False,10,0,not present in supplied CSV schema,not present in supplied CSV schema,True,True,False,False,False,False,False,
39,2007,4,Spanish Grand Prix,2007-05-13,7,22,0,0,False,7,0,not present in supplied CSV schema,not present in supplied CSV schema,True,True,False,False,False,False,False,
40,2007,5,Monaco Grand Prix,2007-05-27,3,22,0,0,False,3,0,not present in supplied CSV schema,not present in supplied CSV schema,False,True,False,False,False,False,False,
41,2007,6,Canadian Grand Prix,2007-06-10,12,21,0,0,False,12,0,not present in supplied CSV schema,not present in supplied CSV schema,False,True,False,False,False,False,False,
42,2007,7,United States Grand Prix,2007-06-17,8,19,0,0,False,8,0,not present in supplied CSV schema,not present in supplied CSV schema,True,True,False,False,False,False,False,
43,2007,8,French Grand Prix,2007-07-01,9,21,0,0,False,9,0,not present in supplied CSV schema,not present in supplied CSV schema,True,True,False,False,False,False,False,
44,2007,9,British Grand Prix,2007-07-08,6,22,0,0,False,6,0,not present in supplied CSV schema,not present in supplied CSV schema,True,True,False,False,False,False,False,
45,2007,10,European Grand Prix,2007-07-22,7,22,0,0,False,7,0,not present in supplied CSV schema,not present in supplied CSV schema,True,True,False,False,False,False,False,
46,2007,11,Hungarian Grand Prix,2007-08-05,9,22,0,0,False,9,0,not present in supplied CSV schema,not present in supplied CSV schema,True,True,False,False,False,False,False,
47,2007,12,Turkish Grand Prix,2007-08-26,11,22,0,0,False,11,0,not present in supplied CSV schema,not present in supplied CSV schema,False,True,False,False,False,False,False,
48,2007,13,Italian Grand Prix,2007-09-09,11,22,0,0,False,11,0,not present in supplied CSV schema,not present in supplied CSV schema,False,True,False,False,False,False,False,
49,2007,14,Belgian Grand Prix,2007-09-16,11,22,0,0,False,11,0,not present in supplied CSV schema,not present in supplied CSV schema,False,True,False,False,False,False,False,
50,2007,15,Japanese Grand Prix,2007-09-30,10,22,0,0,False,10,0,not present in supplied CSV schema,not present in supplied CSV schema,True,True,False,False,False,False,False,
51,2007,16,Chinese Grand Prix,2007-10-07,11,22,0,0,False,11,0,not present in supplied CSV schema,not present in supplied CSV schema,False,True,False,False,False,False,False,
52,2007,17,Brazilian Grand Prix,2007-10-21,6,22,0,0,False,6,0,not present in supplied CSV schema,not present in supplied CSV schema,True,True,False,False,False,False,False,
53,2006,1,Bahrain Grand Prix,2006-03-12,11,21,0,0,False,11,0,not present in supplied CSV schema,not present in supplied CSV schema,False,True,False,False,False,False,False,
54,2006,2,Malaysian Grand Prix,2006-03-19,8,21,0,0,False,8,0,not present in supplied CSV schema,not present in supplied CSV schema,True,True,False,False,False,False,False,
55,2006,3,Australian Grand Prix,2006-04-02,9,19,0,0,False,9,0,not present in supplied CSV schema,not present in supplied CSV schema,True,True,False,False,False,False,False,
56,2006,4,San Marino Grand Prix,2006-04-23,12,21,0,0,False,12,0,not present in supplied CSV schema,not present in supplied CSV schema,False,True,False,False,False,False,False,
57,2006,5,European Grand Prix,2006-05-07,8,21,0,0,False,8,0,not present in supplied CSV schema,not present in supplied CSV schema,True,True,False,False,False,False,False,
58,2006,6,Spanish Grand Prix,2006-05-14,6,22,0,0,False,6,0,not present in supplied CSV schema,not present in supplied CSV schema,True,True,False,False,False,False,False,
59,2006,7,Monaco Grand Prix,2006-05-28,6,22,0,0,False,6,0,not present in supplied CSV schema,not present in supplied CSV schema,True,True,False,False,False,False,False,
60,2006,8,British Grand Prix,2006-06-11,9,20,0,0,False,9,0,not present in supplied CSV schema,not present in supplied CSV schema,True,True,False,False,False,False,False,
61,2006,9,Canadian Grand Prix,2006-06-25,5,21,0,0,False,5,0,not present in supplied CSV schema,not present in supplied CSV schema,True,True,False,False,False,False,False,
62,2006,10,United States Grand Prix,2006-07-02,6,15,0,0,False,6,0,not present in supplied CSV schema,not present in supplied CSV schema,True,True,False,False,False,False,False,
63,2006,11,French Grand Prix,2006-07-16,7,21,0,0,False,7,0,not present in supplied CSV schema,not present in supplied CSV schema,True,True,False,False,False,False,False,
64,2006,12,German Grand Prix,2006-07-30,9,21,0,0,False,9,0,not present in supplied CSV schema,not present in supplied CSV schema,True,True,False,False,False,False,False,
65,2006,13,Hungarian Grand Prix,2006-08-06,4,21,0,0,False,4,0,not present in supplied CSV schema,not present in supplied CSV schema,False,True,False,False,False,False,False,
66,2006,14,Turkish Grand Prix,2006-08-27,8,21,0,0,False,8,0,not present in supplied CSV schema,not present in supplied CSV schema,True,True,False,False,False,False,False,
67,2006,15,Italian Grand Prix,2006-09-10,10,22,0,0,False,10,0,not present in supplied CSV schema,not present in supplied CSV schema,True,True,False,False,False,False,False,
68,2006,16,Chinese Grand Prix,2006-10-01,9,22,0,0,False,9,0,not present in supplied CSV schema,not present in supplied CSV schema,True,True,False,False,False,False,False,
69,2006,17,Japanese Grand Prix,2006-10-08,9,22,0,0,False,9,0,not present in supplied CSV schema,not present in supplied CSV schema,True,True,False,False,False,False,False,
70,2006,18,Brazilian Grand Prix,2006-10-22,9,21,0,0,False,9,0,not present in supplied CSV schema,not present in supplied CSV schema,True,True,False,False,False,False,False,
71,2005,1,Australian Grand Prix,2005-03-06,10,20,0,0,False,10,0,not present in supplied CSV schema,not present in supplied CSV schema,True,True,False,False,False,False,False,
72,2005,2,Malaysian Grand Prix,2005-03-20,9,20,0,0,False,9,0,not present in supplied CSV schema,not present in supplied CSV schema,True,True,False,False,False,False,False,
73,2005,3,Bahrain Grand Prix,2005-04-03,6,19,0,0,False,6,0,not present in supplied CSV schema,not present in supplied CSV schema,True,True,False,False,False,False,False,
74,2005,4,San Marino Grand Prix,2005-04-24,9,20,0,0,False,9,0,not present in supplied CSV schema,not present in supplied CSV schema,True,True,False,False,False,False,False,
75,2005,5,Spanish Grand Prix,2005-05-08,6,18,0,0,False,6,0,not present in supplied CSV schema,not present in supplied CSV schema,True,True,False,False,False,False,False,
76,2005,6,Monaco Grand Prix,2005-05-22,8,18,0,0,False,8,0,not present in supplied CSV schema,not present in supplied CSV schema,True,True,False,False,False,False,False,
77,2005,7,European Grand Prix,2005-05-29,10,19,0,0,False,10,0,not present in supplied CSV schema,not present in supplied CSV schema,True,True,False,False,False,False,False,
78,2005,8,Canadian Grand Prix,2005-06-12,5,20,0,0,False,5,0,not present in supplied CSV schema,not present in supplied CSV schema,True,True,False,False,False,False,False,
79,2005,9,United States Grand Prix,2005-06-19,2,6,0,0,False,2,0,not present in supplied CSV schema,not present in supplied CSV schema,False,True,False,False,False,False,False,
80,2005,10,French Grand Prix,2005-07-03,3,20,0,0,False,3,0,not present in supplied CSV schema,not present in supplied CSV schema,False,True,False,False,False,False,False,
81,2005,11,British Grand Prix,2005-07-10,9,20,0,0,False,9,0,not present in supplied CSV schema,not present in supplied CSV schema,True,True,False,False,False,False,False,
82,2005,12,German Grand Prix,2005-07-24,9,20,0,0,False,9,0,not present in supplied CSV schema,not present in supplied CSV schema,True,True,False,False,False,False,False,
83,2005,13,Hungarian Grand Prix,2005-07-31,6,18,0,0,False,6,0,not present in supplied CSV schema,not present in supplied CSV schema,True,True,False,False,False,False,False,
84,2005,14,Turkish Grand Prix,2005-08-21,9,20,0,0,False,9,0,not present in supplied CSV schema,not present in supplied CSV schema,True,True,False,False,False,False,False,
85,2005,15,Italian Grand Prix,2005-09-04,10,20,0,0,False,10,0,not present in supplied CSV schema,not present in supplied CSV schema,True,True,False,False,False,False,False,
86,2005,16,Belgian Grand Prix,2005-09-11,7,20,0,0,False,7,0,not present in supplied CSV schema,not present in supplied CSV schema,True,True,False,False,False,False,False,
87,2005,17,Brazilian Grand Prix,2005-09-25,6,18,0,0,False,6,0,not present in supplied CSV schema,not present in supplied CSV schema,True,True,False,False,False,False,False,
88,2005,18,Japanese Grand Prix,2005-10-09,12,19,0,0,False,12,0,not present in supplied CSV schema,not present in supplied CSV schema,False,True,False,False,False,False,False,
89,2005,19,Chinese Grand Prix,2005-10-16,12,20,0,0,False,12,0,not present in supplied CSV schema,not present in supplied CSV schema,False,True,False,False,False,False,False,
90,2004,1,Australian Grand Prix,2004-03-07,6,20,0,0,False,6,0,not present in supplied CSV schema,not present in supplied CSV schema,True,True,False,False,False,False,False,
91,2004,2,Malaysian Grand Prix,2004-03-21,7,20,0,0,False,7,0,not present in supplied CSV schema,not present in supplied CSV schema,True,True,False,False,False,False,False,
92,2004,3,Bahrain Grand Prix,2004-04-04,7,20,0,0,False,7,0,not present in supplied CSV schema,not present in supplied CSV schema,True,True,False,False,False,False,False,
93,2004,4,San Marino Grand Prix,2004-04-25,7,20,0,0,False,7,0,not present in supplied CSV schema,not present in supplied CSV schema,True,True,False,False,False,False,False,
94,2004,5,Spanish Grand Prix,2004-05-09,7,20,0,0,False,7,0,not present in supplied CSV schema,not present in supplied CSV schema,True,True,False,False,False,False,False,
95,2004,6,Monaco Grand Prix,2004-05-23,3,19,0,0,False,3,0,not present in supplied CSV schema,not present in supplied CSV schema,False,True,False,False,False,False,False,
96,2004,7,European Grand Prix,2004-05-30,7,18,0,0,False,7,0,not present in supplied CSV schema,not present in supplied CSV schema,True,True,False,False,False,False,False,
97,2004,8,Canadian Grand Prix,2004-06-13,3,19,0,0,False,3,0,not present in supplied CSV schema,not present in supplied CSV schema,False,True,False,False,False,False,False,
98,2004,9,United States Grand Prix,2004-06-20,5,16,0,0,False,5,0,not present in supplied CSV schema,not present in supplied CSV schema,True,True,False,False,False,False,False,
99,2004,10,French Grand Prix,2004-07-04,10,20,0,0,False,10,0,not present in supplied CSV schema,not present in supplied CSV schema,True,True,False,False,False,False,False,
100,2004,11,British Grand Prix,2004-07-11,12,20,0,0,False,12,0,not present in supplied CSV schema,not present in supplied CSV schema,False,True,False,False,False,False,False,
101,2004,12,German Grand Prix,2004-07-25,12,20,0,0,False,12,0,not present in supplied CSV schema,not present in supplied CSV schema,False,True,False,False,False,False,False,
102,2004,13,Hungarian Grand Prix,2004-08-15,5,20,0,0,False,5,0,not present in supplied CSV schema,not present in supplied CSV schema,True,True,False,False,False,False,False,
103,2004,14,Belgian Grand Prix,2004-08-29,9,16,0,0,False,9,0,not present in supplied CSV schema,not present in supplied CSV schema,True,True,False,False,False,False,False,
104,2004,15,Italian Grand Prix,2004-09-12,11,19,0,0,False,11,0,not present in supplied CSV schema,not present in supplied CSV schema,False,True,False,False,False,False,False,
105,2004,16,Chinese Grand Prix,2004-09-26,9,20,0,0,False,9,0,not present in supplied CSV schema,not present in supplied CSV schema,True,True,False,False,False,False,False,
106,2004,17,Japanese Grand Prix,2004-10-10,9,20,0,0,False,9,0,not present in supplied CSV schema,not present in supplied CSV schema,True,True,False,False,False,False,False,
107,2004,18,Brazilian Grand Prix,2004-10-24,9,20,0,0,False,9,0,not present in supplied CSV schema,not present in supplied CSV schema,True,True,False,False,False,False,False,
108,2003,1,Australian Grand Prix,2003-03-09,10,20,0,0,False,10,0,not present in supplied CSV schema,not present in supplied CSV schema,True,True,False,False,False,False,False,
109,2003,2,Malaysian Grand Prix,2003-03-23,4,18,0,0,False,4,0,not present in supplied CSV schema,not present in supplied CSV schema,False,True,False,False,False,False,False,
110,2003,3,Brazilian Grand Prix,2003-04-06,8,20,0,0,False,8,0,not present in supplied CSV schema,not present in supplied CSV schema,True,True,False,False,False,False,False,
111,2003,4,San Marino Grand Prix,2003-04-20,7,20,0,0,False,7,0,not present in supplied CSV schema,not present in supplied CSV schema,True,True,False,False,False,False,False,
112,2003,5,Spanish Grand Prix,2003-05-04,4,17,0,0,False,4,0,not present in supplied CSV schema,not present in supplied CSV schema,False,True,False,False,False,False,False,
113,2003,6,Austrian Grand Prix,2003-05-18,5,18,0,0,False,5,0,not present in supplied CSV schema,not present in supplied CSV schema,True,True,False,False,False,False,False,
114,2003,7,Monaco Grand Prix,2003-06-01,8,18,0,0,False,8,0,not present in supplied CSV schema,not present in supplied CSV schema,True,True,False,False,False,False,False,
115,2003,8,Canadian Grand Prix,2003-06-15,6,20,0,0,False,6,0,not present in supplied CSV schema,not present in supplied CSV schema,True,True,False,False,False,False,False,
116,2003,9,European Grand Prix,2003-06-29,5,20,0,0,False,5,0,not present in supplied CSV schema,not present in supplied CSV schema,True,True,False,False,False,False,False,
117,2003,10,French Grand Prix,2003-07-06,6,20,0,0,False,6,0,not present in supplied CSV schema,not present in supplied CSV schema,True,True,False,False,False,False,False,
118,2003,11,British Grand Prix,2003-07-20,12,20,0,0,False,12,0,not present in supplied CSV schema,not present in supplied CSV schema,False,True,False,False,False,False,False,
119,2003,12,German Grand Prix,2003-08-03,4,17,0,0,False,4,0,not present in supplied CSV schema,not present in supplied CSV schema,False,True,False,False,False,False,False,
120,2003,13,Hungarian Grand Prix,2003-08-24,6,20,0,0,False,6,0,not present in supplied CSV schema,not present in supplied CSV schema,True,True,False,False,False,False,False,
121,2003,14,Italian Grand Prix,2003-09-14,5,19,0,0,False,5,0,not present in supplied CSV schema,not present in supplied CSV schema,True,True,False,False,False,False,False,
122,2003,15,United States Grand Prix,2003-09-28,5,20,0,0,False,5,0,not present in supplied CSV schema,not present in supplied CSV schema,True,True,False,False,False,False,False,
123,2003,16,Japanese Grand Prix,2003-10-12,11,20,0,0,False,11,0,not present in supplied CSV schema,not present in supplied CSV schema,False,True,False,False,False,False,False,
124,2002,1,Australian Grand Prix,2002-03-03,3,14,0,0,False,3,0,not present in supplied CSV schema,not present in supplied CSV schema,False,True,False,False,False,False,False,
125,2002,2,Malaysian Grand Prix,2002-03-17,4,22,0,0,False,4,0,not present in supplied CSV schema,not present in supplied CSV schema,False,True,False,False,False,False,False,
126,2002,3,Brazilian Grand Prix,2002-03-31,5,22,0,0,False,5,0,not present in supplied CSV schema,not present in supplied CSV schema,True,True,False,False,False,False,False,
127,2002,4,San Marino Grand Prix,2002-04-14,5,20,0,0,False,5,0,not present in supplied CSV schema,not present in supplied CSV schema,True,True,False,False,False,False,False,
128,2002,5,Spanish Grand Prix,2002-04-28,6,19,0,0,False,6,0,not present in supplied CSV schema,not present in supplied CSV schema,True,True,False,False,False,False,False,
129,2002,6,Austrian Grand Prix,2002-05-12,9,21,0,0,False,9,0,not present in supplied CSV schema,not present in supplied CSV schema,True,True,False,False,False,False,False,
130,2002,7,Monaco Grand Prix,2002-05-26,3,22,0,0,False,3,0,not present in supplied CSV schema,not present in supplied CSV schema,False,True,False,False,False,False,False,
131,2002,8,Canadian Grand Prix,2002-06-09,6,22,0,0,False,6,0,not present in supplied CSV schema,not present in supplied CSV schema,True,True,False,False,False,False,False,
132,2002,9,European Grand Prix,2002-06-23,5,22,0,0,False,5,0,not present in supplied CSV schema,not present in supplied CSV schema,True,True,False,False,False,False,False,
133,2002,10,British Grand Prix,2002-07-07,3,20,0,0,False,3,0,not present in supplied CSV schema,not present in supplied CSV schema,False,True,False,False,False,False,False,
134,2002,11,French Grand Prix,2002-07-21,5,18,0,0,False,5,0,not present in supplied CSV schema,not present in supplied CSV schema,True,True,False,False,False,False,False,
135,2002,12,German Grand Prix,2002-07-28,4,20,0,0,False,4,0,not present in supplied CSV schema,not present in supplied CSV schema,False,True,False,False,False,False,False,
136,2002,13,Hungarian Grand Prix,2002-08-18,7,20,0,0,False,7,0,not present in supplied CSV schema,not present in supplied CSV schema,True,True,False,False,False,False,False,
137,2002,14,Belgian Grand Prix,2002-09-01,8,20,0,0,False,8,0,not present in supplied CSV schema,not present in supplied CSV schema,True,True,False,False,False,False,False,
138,2002,15,Italian Grand Prix,2002-09-15,10,20,0,0,False,10,0,not present in supplied CSV schema,not present in supplied CSV schema,True,True,False,False,False,False,False,
139,2002,16,United States Grand Prix,2002-09-29,6,20,0,0,False,6,0,not present in supplied CSV schema,not present in supplied CSV schema,True,True,False,False,False,False,False,
140,2002,17,Japanese Grand Prix,2002-10-13,5,19,0,0,False,5,0,not present in supplied CSV schema,not present in supplied CSV schema,True,True,False,False,False,False,False,
141,2001,1,Australian Grand Prix,2001-03-04,7,21,0,0,False,7,0,not present in supplied CSV schema,not present in supplied CSV schema,True,True,False,False,False,False,False,
142,2001,2,Malaysian Grand Prix,2001-03-18,7,21,0,0,False,7,0,not present in supplied CSV schema,not present in supplied CSV schema,True,True,False,False,False,False,False,
143,2001,3,Brazilian Grand Prix,2001-04-01,2,21,0,0,False,2,0,not present in supplied CSV schema,not present in supplied CSV schema,False,True,False,False,False,False,False,
144,2001,4,San Marino Grand Prix,2001-04-15,5,22,0,0,False,5,0,not present in supplied CSV schema,not present in supplied CSV schema,True,True,False,False,False,False,False,
145,2001,5,Spanish Grand Prix,2001-04-29,8,22,0,0,False,8,0,not present in supplied CSV schema,not present in supplied CSV schema,True,True,False,False,False,False,False,
146,2001,6,Austrian Grand Prix,2001-05-13,5,21,0,0,False,5,0,not present in supplied CSV schema,not present in supplied CSV schema,True,True,False,False,False,False,False,
147,2001,7,Monaco Grand Prix,2001-05-27,4,21,0,0,False,4,0,not present in supplied CSV schema,not present in supplied CSV schema,False,True,False,False,False,False,False,
148,2001,8,Canadian Grand Prix,2001-06-10,5,21,0,0,False,5,0,not present in supplied CSV schema,not present in supplied CSV schema,True,True,False,False,False,False,False,
149,2001,9,European Grand Prix,2001-06-24,7,22,0,0,False,7,0,not present in supplied CSV schema,not present in supplied CSV schema,True,True,False,False,False,False,False,
150,2001,10,French Grand Prix,2001-07-01,5,21,0,0,False,5,0,not present in supplied CSV schema,not present in supplied CSV schema,True,True,False,False,False,False,False,
151,2001,11,British Grand Prix,2001-07-15,4,19,0,0,False,4,0,not present in supplied CSV schema,not present in supplied CSV schema,False,True,False,False,False,False,False,
152,2001,12,German Grand Prix,2001-07-29,7,20,0,0,False,7,0,not present in supplied CSV schema,not present in supplied CSV schema,True,True,False,False,False,False,False,
153,2001,13,Hungarian Grand Prix,2001-08-19,5,21,0,0,False,5,0,not present in supplied CSV schema,not present in supplied CSV schema,True,True,False,False,False,False,False,
154,2001,14,Belgian Grand Prix,2001-09-02,8,17,0,0,False,8,0,not present in supplied CSV schema,not present in supplied CSV schema,True,True,False,False,False,False,False,
155,2001,15,Italian Grand Prix,2001-09-16,7,21,0,0,False,7,0,not present in supplied CSV schema,not present in supplied CSV schema,True,True,False,False,False,False,False,
156,2001,16,United States Grand Prix,2001-09-30,6,22,0,0,False,6,0,not present in supplied CSV schema,not present in supplied CSV schema,True,True,False,False,False,False,False,
157,2001,17,Japanese Grand Prix,2001-10-14,7,22,0,0,False,7,0,not present in supplied CSV schema,not present in supplied CSV schema,True,True,False,False,False,False,False,
158,2000,1,Australian Grand Prix,2000-03-12,7,22,0,0,False,7,0,not present in supplied CSV schema,not present in supplied CSV schema,True,True,False,False,False,False,False,
159,2000,2,Brazilian Grand Prix,2000-03-26,4,20,0,0,False,4,0,not present in supplied CSV schema,not present in supplied CSV schema,False,True,False,False,False,False,False,
160,2000,3,San Marino Grand Prix,2000-04-09,4,22,0,0,False,4,0,not present in supplied CSV schema,not present in supplied CSV schema,False,True,False,False,False,False,False,
161,2000,4,British Grand Prix,2000-04-23,6,22,0,0,False,6,0,not present in supplied CSV schema,not present in supplied CSV schema,True,True,False,False,False,False,False,
162,2000,5,Spanish Grand Prix,2000-05-07,6,21,0,0,False,6,0,not present in supplied CSV schema,not present in supplied CSV schema,True,True,False,False,False,False,False,
163,2000,6,European Grand Prix,2000-05-21,2,20,0,0,False,2,0,not present in supplied CSV schema,not present in supplied CSV schema,False,True,False,False,False,False,False,
164,2000,7,Monaco Grand Prix,2000-06-04,5,21,0,0,False,5,0,not present in supplied CSV schema,not present in supplied CSV schema,True,True,False,False,False,False,False,
165,2000,8,Canadian Grand Prix,2000-06-18,10,22,0,0,False,10,0,not present in supplied CSV schema,not present in supplied CSV schema,True,True,False,False,False,False,False,
166,2000,9,French Grand Prix,2000-07-02,6,22,0,0,False,6,0,not present in supplied CSV schema,not present in supplied CSV schema,True,True,False,False,False,False,False,
167,2000,10,Austrian Grand Prix,2000-07-16,3,19,0,0,False,3,0,not present in supplied CSV schema,not present in supplied CSV schema,False,True,False,False,False,False,False,
168,2000,11,German Grand Prix,2000-07-30,11,20,0,0,False,11,0,not present in supplied CSV schema,not present in supplied CSV schema,False,True,False,False,False,False,False,
169,2000,12,Hungarian Grand Prix,2000-08-13,6,22,0,0,False,6,0,not present in supplied CSV schema,not present in supplied CSV schema,True,True,False,False,False,False,False,
170,2000,13,Belgian Grand Prix,2000-08-27,11,22,0,0,False,11,0,not present in supplied CSV schema,not present in supplied CSV schema,False,True,False,False,False,False,False,
171,2000,14,Italian Grand Prix,2000-09-10,6,16,0,0,False,6,0,not present in supplied CSV schema,not present in supplied CSV schema,True,True,False,False,False,False,False,
172,2000,15,United States Grand Prix,2000-09-24,7,22,0,0,False,7,0,not present in supplied CSV schema,not present in supplied CSV schema,True,True,False,False,False,False,False,
173,2000,16,Japanese Grand Prix,2000-10-08,5,22,0,0,False,5,0,not present in supplied CSV schema,not present in supplied CSV schema,True,True,False,False,False,False,False,
174,2000,17,Malaysian Grand Prix,2000-10-22,7,19,0,0,False,7,0,not present in supplied CSV schema,not present in supplied CSV schema,True,True,False,False,False,False,False,
175,1999,1,Australian Grand Prix,1999-03-07,7,19,0,0,False,7,0,not present in supplied CSV schema,not present in supplied CSV schema,True,True,False,False,False,False,False,
176,1999,2,Brazilian Grand Prix,1999-04-11,2,21,0,0,False,2,0,not present in supplied CSV schema,not present in supplied CSV schema,False,True,False,False,False,False,False,
177,1999,3,San Marino Grand Prix,1999-05-02,2,20,0,0,False,2,0,not present in supplied CSV schema,not present in supplied CSV schema,False,True,False,False,False,False,False,
178,1999,4,Monaco Grand Prix,1999-05-16,4,22,0,0,False,4,0,not present in supplied CSV schema,not present in supplied CSV schema,False,True,False,False,False,False,False,
179,1999,5,Spanish Grand Prix,1999-05-30,5,21,0,0,False,5,0,not present in supplied CSV schema,not present in supplied CSV schema,True,True,False,False,False,False,False,
180,1999,6,Canadian Grand Prix,1999-06-13,7,19,0,0,False,7,0,not present in supplied CSV schema,not present in supplied CSV schema,True,True,False,False,False,False,False,
181,1999,7,French Grand Prix,1999-06-27,9,22,0,0,False,9,0,not present in supplied CSV schema,not present in supplied CSV schema,True,True,False,False,False,False,False,
182,1999,8,British Grand Prix,1999-07-11,13,20,0,0,False,13,0,not present in supplied CSV schema,not present in supplied CSV schema,False,True,False,False,False,False,False,
183,1999,9,Austrian Grand Prix,1999-07-25,6,22,0,0,False,6,0,not present in supplied CSV schema,not present in supplied CSV schema,True,True,False,False,False,False,False,
184,1999,10,German Grand Prix,1999-08-01,9,20,0,0,False,9,0,not present in supplied CSV schema,not present in supplied CSV schema,True,True,False,False,False,False,False,
185,1999,11,Hungarian Grand Prix,1999-08-15,7,22,0,0,False,7,0,not present in supplied CSV schema,not present in supplied CSV schema,True,True,False,False,False,False,False,
186,1999,12,Belgian Grand Prix,1999-08-29,14,21,0,0,False,14,0,not present in supplied CSV schema,not present in supplied CSV schema,False,True,False,False,False,False,False,
187,1999,13,Italian Grand Prix,1999-09-12,10,21,0,0,False,10,0,not present in supplied CSV schema,not present in supplied CSV schema,True,True,False,False,False,False,False,
188,1999,14,European Grand Prix,1999-09-26,7,19,0,0,False,7,0,not present in supplied CSV schema,not present in supplied CSV schema,True,True,False,False,False,False,False,
189,1999,15,Malaysian Grand Prix,1999-10-17,8,20,0,0,False,8,0,not present in supplied CSV schema,not present in supplied CSV schema,True,True,False,False,False,False,False,
190,1999,16,Japanese Grand Prix,1999-10-31,5,21,0,0,False,5,0,not present in supplied CSV schema,not present in supplied CSV schema,True,True,False,False,False,False,False,
191,1998,1,Australian Grand Prix,1998-03-08,2,21,0,0,False,2,0,not present in supplied CSV schema,not present in supplied CSV schema,False,True,False,False,False,False,False,
192,1998,2,Brazilian Grand Prix,1998-03-29,4,21,0,0,False,4,0,not present in supplied CSV schema,not present in supplied CSV schema,False,True,False,False,False,False,False,
193,1998,3,Argentine Grand Prix,1998-04-12,7,22,0,0,False,7,0,not present in supplied CSV schema,not present in supplied CSV schema,True,True,False,False,False,False,False,
194,1998,4,San Marino Grand Prix,1998-04-26,5,21,0,0,False,5,0,not present in supplied CSV schema,not present in supplied CSV schema,True,True,False,False,False,False,False,
195,1998,5,Spanish Grand Prix,1998-05-10,4,21,0,0,False,4,0,not present in supplied CSV schema,not present in supplied CSV schema,False,True,False,False,False,False,False,
196,1998,6,Monaco Grand Prix,1998-05-24,4,20,0,0,False,4,0,not present in supplied CSV schema,not present in supplied CSV schema,False,True,False,False,False,False,False,
197,1998,7,Canadian Grand Prix,1998-06-07,5,17,0,0,False,5,0,not present in supplied CSV schema,not present in supplied CSV schema,True,True,False,False,False,False,False,
198,1998,8,French Grand Prix,1998-06-28,4,22,0,0,False,4,0,not present in supplied CSV schema,not present in supplied CSV schema,False,True,False,False,False,False,False,
199,1998,9,British Grand Prix,1998-07-12,3,22,0,0,False,3,0,not present in supplied CSV schema,not present in supplied CSV schema,False,True,False,False,False,False,False,
200,1998,10,Austrian Grand Prix,1998-07-26,7,20,0,0,False,7,0,not present in supplied CSV schema,not present in supplied CSV schema,True,True,False,False,False,False,False,
201,1998,11,German Grand Prix,1998-08-02,11,21,0,0,False,11,0,not present in supplied CSV schema,not present in supplied CSV schema,False,True,False,False,False,False,False,
202,1998,12,Hungarian Grand Prix,1998-08-16,5,21,0,0,False,5,0,not present in supplied CSV schema,not present in supplied CSV schema,True,True,False,False,False,False,False,
203,1998,13,Belgian Grand Prix,1998-08-30,5,15,0,0,False,5,0,not present in supplied CSV schema,not present in supplied CSV schema,True,True,False,False,False,False,False,
204,1998,14,Italian Grand Prix,1998-09-13,6,22,0,0,False,6,0,not present in supplied CSV schema,not present in supplied CSV schema,True,True,False,False,False,False,False,
205,1998,15,Luxembourg Grand Prix,1998-09-27,7,22,0,0,False,7,0,not present in supplied CSV schema,not present in supplied CSV schema,True,True,False,False,False,False,False,
206,1998,16,Japanese Grand Prix,1998-11-01,8,21,0,0,False,8,0,not present in supplied CSV schema,not present in supplied CSV schema,True,True,False,False,False,False,False,
207,1997,1,Australian Grand Prix,1997-03-09,6,18,0,0,False,6,0,not present in supplied CSV schema,not present in supplied CSV schema,True,True,False,False,False,False,False,
208,1997,2,Brazilian Grand Prix,1997-03-30,9,21,0,0,False,9,0,not present in supplied CSV schema,not present in supplied CSV schema,True,True,False,False,False,False,False,
209,1997,3,Argentine Grand Prix,1997-04-13,7,20,0,0,False,7,0,not present in supplied CSV schema,not present in supplied CSV schema,True,True,False,False,False,False,False,
210,1997,4,San Marino Grand Prix,1997-04-27,4,21,0,0,False,4,0,not present in supplied CSV schema,not present in supplied CSV schema,False,True,False,False,False,False,False,
211,1997,5,Monaco Grand Prix,1997-05-11,4,21,0,0,False,4,0,not present in supplied CSV schema,not present in supplied CSV schema,False,True,False,False,False,False,False,
212,1997,6,Spanish Grand Prix,1997-05-25,10,22,0,0,False,10,0,not present in supplied CSV schema,not present in supplied CSV schema,True,True,False,False,False,False,False,
213,1997,7,Canadian Grand Prix,1997-06-15,7,19,0,0,False,7,0,not present in supplied CSV schema,not present in supplied CSV schema,True,True,False,False,False,False,False,
214,1997,8,French Grand Prix,1997-06-29,6,22,0,0,False,6,0,not present in supplied CSV schema,not present in supplied CSV schema,True,True,False,False,False,False,False,
215,1997,9,British Grand Prix,1997-07-13,6,20,0,0,False,6,0,not present in supplied CSV schema,not present in supplied CSV schema,True,True,False,False,False,False,False,
216,1997,10,German Grand Prix,1997-07-27,7,21,0,0,False,7,0,not present in supplied CSV schema,not present in supplied CSV schema,True,True,False,False,False,False,False,
217,1997,11,Hungarian Grand Prix,1997-08-10,8,22,0,0,False,8,0,not present in supplied CSV schema,not present in supplied CSV schema,True,True,False,False,False,False,False,
218,1997,12,Belgian Grand Prix,1997-08-24,9,22,0,0,False,9,0,not present in supplied CSV schema,not present in supplied CSV schema,True,True,False,False,False,False,False,
219,1997,13,Italian Grand Prix,1997-09-07,11,22,0,0,False,11,0,not present in supplied CSV schema,not present in supplied CSV schema,False,True,False,False,False,False,False,
220,1997,14,Austrian Grand Prix,1997-09-21,9,21,0,0,False,9,0,not present in supplied CSV schema,not present in supplied CSV schema,True,True,False,False,False,False,False,
221,1997,15,Luxembourg Grand Prix,1997-09-28,8,20,0,0,False,8,0,not present in supplied CSV schema,not present in supplied CSV schema,True,True,False,False,False,False,False,
222,1997,16,Japanese Grand Prix,1997-10-12,9,21,0,0,False,9,0,not present in supplied CSV schema,not present in supplied CSV schema,True,True,False,False,False,False,False,
223,1997,17,European Grand Prix,1997-10-26,10,22,0,0,False,10,0,not present in supplied CSV schema,not present in supplied CSV schema,True,True,False,False,False,False,False,
224,1996,1,Australian Grand Prix,1996-03-10,5,19,0,0,False,5,0,not present in supplied CSV schema,not present in supplied CSV schema,True,True,False,False,False,False,False,
225,1996,2,Brazilian Grand Prix,1996-03-31,2,21,0,0,False,2,0,not present in supplied CSV schema,not present in supplied CSV schema,False,True,False,False,False,False,False,
226,1996,3,Argentine Grand Prix,1996-04-07,8,22,0,0,False,8,0,not present in supplied CSV schema,not present in supplied CSV schema,True,True,False,False,False,False,False,
227,1996,4,European Grand Prix,1996-04-28,9,20,0,0,False,9,0,not present in supplied CSV schema,not present in supplied CSV schema,True,True,False,False,False,False,False,
228,1996,5,San Marino Grand Prix,1996-05-05,5,21,0,0,False,5,0,not present in supplied CSV schema,not present in supplied CSV schema,True,True,False,False,False,False,False,
229,1996,6,Monaco Grand Prix,1996-05-19,3,16,0,0,False,3,0,not present in supplied CSV schema,not present in supplied CSV schema,False,True,False,False,False,False,False,
230,1996,7,Spanish Grand Prix,1996-06-02,3,17,0,0,False,3,0,not present in supplied CSV schema,not present in supplied CSV schema,False,True,False,False,False,False,False,
231,1996,8,Canadian Grand Prix,1996-06-16,4,22,0,0,False,4,0,not present in supplied CSV schema,not present in supplied CSV schema,False,True,False,False,False,False,False,
232,1996,9,French Grand Prix,1996-06-30,5,21,0,0,False,5,0,not present in supplied CSV schema,not present in supplied CSV schema,True,True,False,False,False,False,False,
233,1996,10,British Grand Prix,1996-07-14,5,20,0,0,False,5,0,not present in supplied CSV schema,not present in supplied CSV schema,True,True,False,False,False,False,False,
234,1996,11,German Grand Prix,1996-07-28,7,18,0,0,False,7,0,not present in supplied CSV schema,not present in supplied CSV schema,True,True,False,False,False,False,False,
235,1996,12,Hungarian Grand Prix,1996-08-11,3,19,0,0,False,3,0,not present in supplied CSV schema,not present in supplied CSV schema,False,True,False,False,False,False,False,
236,1996,13,Belgian Grand Prix,1996-08-25,8,16,0,0,False,8,0,not present in supplied CSV schema,not present in supplied CSV schema,True,True,False,False,False,False,False,
237,1996,14,Italian Grand Prix,1996-09-08,5,20,0,0,False,5,0,not present in supplied CSV schema,not present in supplied CSV schema,True,True,False,False,False,False,False,
238,1996,15,Portuguese Grand Prix,1996-09-22,6,20,0,0,False,6,0,not present in supplied CSV schema,not present in supplied CSV schema,True,True,False,False,False,False,False,
239,1996,16,Japanese Grand Prix,1996-10-13,10,18,0,0,False,10,0,not present in supplied CSV schema,not present in supplied CSV schema,True,True,False,False,False,False,False,
240,1995,1,Brazilian Grand Prix,1995-03-26,2,0,0,0,False,0,0,not present in supplied CSV schema,not present in supplied CSV schema,False,False,False,False,False,False,False,
241,1995,2,Argentine Grand Prix,1995-04-09,3,0,0,0,False,0,0,not present in supplied CSV schema,not present in supplied CSV schema,False,False,False,False,False,False,False,
242,1995,3,San Marino Grand Prix,1995-04-30,4,0,0,0,False,0,0,not present in supplied CSV schema,not present in supplied CSV schema,False,False,False,False,False,False,False,
243,1995,4,Spanish Grand Prix,1995-05-14,4,0,0,0,False,0,0,not present in supplied CSV schema,not present in supplied CSV schema,False,False,False,False,False,False,False,
244,1995,5,Monaco Grand Prix,1995-05-28,3,0,0,0,False,0,0,not present in supplied CSV schema,not present in supplied CSV schema,False,False,False,False,False,False,False,
245,1995,6,Canadian Grand Prix,1995-06-11,5,0,0,0,False,0,0,not present in supplied CSV schema,not present in supplied CSV schema,True,False,False,False,False,False,False,
246,1995,7,French Grand Prix,1995-07-02,5,0,0,0,False,0,0,not present in supplied CSV schema,not present in supplied CSV schema,True,False,False,False,False,False,False,
247,1995,8,British Grand Prix,1995-07-16,5,0,0,0,False,0,0,not present in supplied CSV schema,not present in supplied CSV schema,True,False,False,False,False,False,False,
248,1995,9,German Grand Prix,1995-07-30,4,0,0,0,False,0,0,not present in supplied CSV schema,not present in supplied CSV schema,False,False,False,False,False,False,False,
249,1995,10,Hungarian Grand Prix,1995-08-13,2,0,0,0,False,0,0,not present in supplied CSV schema,not present in supplied CSV schema,False,False,False,False,False,False,False,
250,1995,11,Belgian Grand Prix,1995-08-27,10,0,0,0,False,0,0,not present in supplied CSV schema,not present in supplied CSV schema,True,False,False,False,False,False,False,
251,1995,12,Italian Grand Prix,1995-09-10,4,0,0,0,False,0,0,not present in supplied CSV schema,not present in supplied CSV schema,False,False,False,False,False,False,False,
252,1995,13,Portuguese Grand Prix,1995-09-24,5,0,0,0,False,0,0,not present in supplied CSV schema,not present in supplied CSV schema,True,False,False,False,False,False,False,
253,1995,14,European Grand Prix,1995-10-01,3,0,0,0,False,0,0,not present in supplied CSV schema,not present in supplied CSV schema,False,False,False,False,False,False,False,
254,1995,15,Pacific Grand Prix,1995-10-22,3,0,0,0,False,0,0,not present in supplied CSV schema,not present in supplied CSV schema,False,False,False,False,False,False,False,
255,1995,16,Japanese Grand Prix,1995-10-29,4,0,0,0,False,0,0,not present in supplied CSV schema,not present in supplied CSV schema,False,False,False,False,False,False,False,
256,1995,17,Australian Grand Prix,1995-11-12,1,0,0,0,False,0,0,not present in supplied CSV schema,not present in supplied CSV schema,False,False,False,False,False,False,False,
257,1994,1,Brazilian Grand Prix,1994-03-27,1,0,0,0,False,0,0,not present in supplied CSV schema,not present in supplied CSV schema,False,False,False,False,False,False,False,
258,1994,2,Pacific Grand Prix,1994-04-17,2,0,0,0,False,0,0,not present in supplied CSV schema,not present in supplied CSV schema,False,False,False,False,False,False,False,
259,1994,3,San Marino Grand Prix,1994-05-01,4,0,0,0,False,0,0,not present in supplied CSV schema,not present in supplied CSV schema,False,False,False,False,False,False,False,
260,1994,4,Monaco Grand Prix,1994-05-15,3,0,0,0,False,0,0,not present in supplied CSV schema,not present in supplied CSV schema,False,False,False,False,False,False,False,
261,1994,5,Spanish Grand Prix,1994-05-29,3,0,0,0,False,0,0,not present in supplied CSV schema,not present in supplied CSV schema,False,False,False,False,False,False,False,
262,1994,6,Canadian Grand Prix,1994-06-12,4,0,0,0,False,0,0,not present in supplied CSV schema,not present in supplied CSV schema,False,False,False,False,False,False,False,
263,1994,7,French Grand Prix,1994-07-03,3,0,0,0,False,0,0,not present in supplied CSV schema,not present in supplied CSV schema,False,False,False,False,False,False,False,
264,1994,8,British Grand Prix,1994-07-10,4,0,0,0,False,0,0,not present in supplied CSV schema,not present in supplied CSV schema,False,False,False,False,False,False,False,
265,1994,9,German Grand Prix,1994-07-31,6,0,0,0,False,0,0,not present in supplied CSV schema,not present in supplied CSV schema,True,False,False,False,False,False,False,
266,1994,10,Hungarian Grand Prix,1994-08-14,3,0,0,0,False,0,0,not present in supplied CSV schema,not present in supplied CSV schema,False,False,False,False,False,False,False,
267,1994,11,Belgian Grand Prix,1994-08-28,4,0,0,0,False,0,0,not present in supplied CSV schema,not present in supplied CSV schema,False,False,False,False,False,False,False,
268,1994,12,Italian Grand Prix,1994-09-11,5,0,0,0,False,0,0,not present in supplied CSV schema,not present in supplied CSV schema,True,False,False,False,False,False,False,
269,1994,13,Portuguese Grand Prix,1994-09-25,6,0,0,0,False,0,0,not present in supplied CSV schema,not present in supplied CSV schema,True,False,False,False,False,False,False,
270,1994,14,European Grand Prix,1994-10-16,4,0,0,0,False,0,0,not present in supplied CSV schema,not present in supplied CSV schema,False,False,False,False,False,False,False,
271,1994,15,Japanese Grand Prix,1994-11-06,7,0,0,0,False,0,0,not present in supplied CSV schema,not present in supplied CSV schema,True,False,False,False,False,False,False,
272,1994,16,Australian Grand Prix,1994-11-13,4,0,0,0,False,0,0,not present in supplied CSV schema,not present in supplied CSV schema,False,False,False,False,False,False,False,
273,1993,1,South African Grand Prix,1993-03-14,2,0,0,0,False,0,0,not present in supplied CSV schema,not present in supplied CSV schema,False,False,False,False,False,False,False,
274,1993,2,Brazilian Grand Prix,1993-03-28,5,0,0,0,False,0,0,not present in supplied CSV schema,not present in supplied CSV schema,True,False,False,False,False,False,False,
275,1993,3,European Grand Prix,1993-04-11,2,0,0,0,False,0,0,not present in supplied CSV schema,not present in supplied CSV schema,False,False,False,False,False,False,False,
276,1993,4,San Marino Grand Prix,1993-04-25,2,0,0,0,False,0,0,not present in supplied CSV schema,not present in supplied CSV schema,False,False,False,False,False,False,False,
277,1993,5,Spanish Grand Prix,1993-05-09,3,0,0,0,False,0,0,not present in supplied CSV schema,not present in supplied CSV schema,False,False,False,False,False,False,False,
278,1993,6,Monaco Grand Prix,1993-05-23,3,0,0,0,False,0,0,not present in supplied CSV schema,not present in supplied CSV schema,False,False,False,False,False,False,False,
279,1993,7,Canadian Grand Prix,1993-06-13,3,0,0,0,False,0,0,not present in supplied CSV schema,not present in supplied CSV schema,False,False,False,False,False,False,False,
280,1993,8,French Grand Prix,1993-07-04,5,0,0,0,False,0,0,not present in supplied CSV schema,not present in supplied CSV schema,True,False,False,False,False,False,False,
281,1993,9,British Grand Prix,1993-07-11,4,0,0,0,False,0,0,not present in supplied CSV schema,not present in supplied CSV schema,False,False,False,False,False,False,False,
282,1993,10,German Grand Prix,1993-07-25,7,0,0,0,False,0,0,not present in supplied CSV schema,not present in supplied CSV schema,True,False,False,False,False,False,False,
283,1993,11,Hungarian Grand Prix,1993-08-15,3,0,0,0,False,0,0,not present in supplied CSV schema,not present in supplied CSV schema,False,False,False,False,False,False,False,
284,1993,12,Belgian Grand Prix,1993-08-29,4,0,0,0,False,0,0,not present in supplied CSV schema,not present in supplied CSV schema,False,False,False,False,False,False,False,
285,1993,13,Italian Grand Prix,1993-09-12,2,0,0,0,False,0,0,not present in supplied CSV schema,not present in supplied CSV schema,False,False,False,False,False,False,False,
286,1993,14,Portuguese Grand Prix,1993-09-26,4,0,0,0,False,0,0,not present in supplied CSV schema,not present in supplied CSV schema,False,False,False,False,False,False,False,
287,1993,15,Japanese Grand Prix,1993-10-24,6,0,0,0,False,0,0,not present in supplied CSV schema,not present in supplied CSV schema,True,False,False,False,False,False,False,
288,1993,16,Australian Grand Prix,1993-11-07,3,0,0,0,False,0,0,not present in supplied CSV schema,not present in supplied CSV schema,False,False,False,False,False,False,False,
289,1992,1,South African Grand Prix,1992-03-01,5,0,0,0,False,0,0,not present in supplied CSV schema,not present in supplied CSV schema,True,False,False,False,False,False,False,
290,1992,2,Mexican Grand Prix,1992-03-22,4,0,0,0,False,0,0,not present in supplied CSV schema,not present in supplied CSV schema,False,False,False,False,False,False,False,
291,1992,3,Brazilian Grand Prix,1992-04-05,2,0,0,0,False,0,0,not present in supplied CSV schema,not present in supplied CSV schema,False,False,False,False,False,False,False,
292,1992,4,Spanish Grand Prix,1992-05-03,4,0,0,0,False,0,0,not present in supplied CSV schema,not present in supplied CSV schema,False,False,False,False,False,False,False,
293,1992,5,San Marino Grand Prix,1992-05-17,4,0,0,0,False,0,0,not present in supplied CSV schema,not present in supplied CSV schema,False,False,False,False,False,False,False,
294,1992,6,Monaco Grand Prix,1992-05-31,5,0,0,0,False,0,0,not present in supplied CSV schema,not present in supplied CSV schema,True,False,False,False,False,False,False,
295,1992,7,Canadian Grand Prix,1992-06-14,3,0,0,0,False,0,0,not present in supplied CSV schema,not present in supplied CSV schema,False,False,False,False,False,False,False,
296,1992,8,French Grand Prix,1992-07-05,3,0,0,0,False,0,0,not present in supplied CSV schema,not present in supplied CSV schema,False,False,False,False,False,False,False,
297,1992,9,British Grand Prix,1992-07-12,6,0,0,0,False,0,0,not present in supplied CSV schema,not present in supplied CSV schema,True,False,False,False,False,False,False,
298,1992,10,German Grand Prix,1992-07-26,7,0,0,0,False,0,0,not present in supplied CSV schema,not present in supplied CSV schema,True,False,False,False,False,False,False,
299,1992,11,Hungarian Grand Prix,1992-08-16,5,0,0,0,False,0,0,not present in supplied CSV schema,not present in supplied CSV schema,True,False,False,False,False,False,False,
300,1992,12,Belgian Grand Prix,1992-08-30,7,0,0,0,False,0,0,not present in supplied CSV schema,not present in supplied CSV schema,True,False,False,False,False,False,False,
301,1992,13,Italian Grand Prix,1992-09-13,5,0,0,0,False,0,0,not present in supplied CSV schema,not present in supplied CSV schema,True,False,False,False,False,False,False,
302,1992,14,Portuguese Grand Prix,1992-09-27,2,0,0,0,False,0,0,not present in supplied CSV schema,not present in supplied CSV schema,False,False,False,False,False,False,False,
303,1992,15,Japanese Grand Prix,1992-10-25,3,0,0,0,False,0,0,not present in supplied CSV schema,not present in supplied CSV schema,False,False,False,False,False,False,False,
304,1992,16,Australian Grand Prix,1992-11-08,3,0,0,0,False,0,0,not present in supplied CSV schema,not present in supplied CSV schema,False,False,False,False,False,False,False,
305,1991,1,United States Grand Prix,1991-03-10,4,0,0,0,False,0,0,not present in supplied CSV schema,not present in supplied CSV schema,False,False,False,False,False,False,False,
306,1991,2,Brazilian Grand Prix,1991-03-24,6,0,0,0,False,0,0,not present in supplied CSV schema,not present in supplied CSV schema,True,False,False,False,False,False,False,
307,1991,3,San Marino Grand Prix,1991-04-28,2,0,0,0,False,0,0,not present in supplied CSV schema,not present in supplied CSV schema,False,False,False,False,False,False,False,
308,1991,4,Monaco Grand Prix,1991-05-12,3,0,0,0,False,0,0,not present in supplied CSV schema,not present in supplied CSV schema,False,False,False,False,False,False,False,
309,1991,5,Canadian Grand Prix,1991-06-02,5,0,0,0,False,0,0,not present in supplied CSV schema,not present in supplied CSV schema,True,False,False,False,False,False,False,
310,1991,6,Mexican Grand Prix,1991-06-16,3,0,0,0,False,0,0,not present in supplied CSV schema,not present in supplied CSV schema,False,False,False,False,False,False,False,
311,1991,7,French Grand Prix,1991-07-07,4,0,0,0,False,0,0,not present in supplied CSV schema,not present in supplied CSV schema,False,False,False,False,False,False,False,
312,1991,8,British Grand Prix,1991-07-14,3,0,0,0,False,0,0,not present in supplied CSV schema,not present in supplied CSV schema,False,False,False,False,False,False,False,
313,1991,9,German Grand Prix,1991-07-28,6,0,0,0,False,0,0,not present in supplied CSV schema,not present in supplied CSV schema,True,False,False,False,False,False,False,
314,1991,10,Hungarian Grand Prix,1991-08-11,5,0,0,0,False,0,0,not present in supplied CSV schema,not present in supplied CSV schema,True,False,False,False,False,False,False,
315,1991,11,Belgian Grand Prix,1991-08-25,7,0,0,0,False,0,0,not present in supplied CSV schema,not present in supplied CSV schema,True,False,False,False,False,False,False,
316,1991,12,Italian Grand Prix,1991-09-08,8,0,0,0,False,0,0,not present in supplied CSV schema,not present in supplied CSV schema,True,False,False,False,False,False,False,
317,1991,13,Portuguese Grand Prix,1991-09-22,6,0,0,0,False,0,0,not present in supplied CSV schema,not present in supplied CSV schema,True,False,False,False,False,False,False,
318,1991,14,Spanish Grand Prix,1991-09-29,6,0,0,0,False,0,0,not present in supplied CSV schema,not present in supplied CSV schema,True,False,False,False,False,False,False,
319,1991,15,Japanese Grand Prix,1991-10-20,4,0,0,0,False,0,0,not present in supplied CSV schema,not present in supplied CSV schema,False,False,False,False,False,False,False,
320,1991,16,Australian Grand Prix,1991-11-03,13,0,0,0,False,0,0,not present in supplied CSV schema,not present in supplied CSV schema,False,False,False,False,False,False,False,
321,1990,1,United States Grand Prix,1990-03-11,5,0,0,0,False,0,0,not present in supplied CSV schema,not present in supplied CSV schema,True,False,False,False,False,False,False,
322,1990,2,Brazilian Grand Prix,1990-03-25,4,0,0,0,False,0,0,not present in supplied CSV schema,not present in supplied CSV schema,False,False,False,False,False,False,False,
323,1990,3,San Marino Grand Prix,1990-05-13,5,0,0,0,False,0,0,not present in supplied CSV schema,not present in supplied CSV schema,True,False,False,False,False,False,False,
324,1990,4,Monaco Grand Prix,1990-05-27,3,0,0,0,False,0,0,not present in supplied CSV schema,not present in supplied CSV schema,False,False,False,False,False,False,False,
325,1990,5,Canadian Grand Prix,1990-06-10,5,0,0,0,False,0,0,not present in supplied CSV schema,not present in supplied CSV schema,True,False,False,False,False,False,False,
326,1990,6,Mexican Grand Prix,1990-06-24,9,0,0,0,False,0,0,not present in supplied CSV schema,not present in supplied CSV schema,True,False,False,False,False,False,False,
327,1990,7,French Grand Prix,1990-07-08,6,0,0,0,False,0,0,not present in supplied CSV schema,not present in supplied CSV schema,True,False,False,False,False,False,False,
328,1990,8,British Grand Prix,1990-07-15,5,0,0,0,False,0,0,not present in supplied CSV schema,not present in supplied CSV schema,True,False,False,False,False,False,False,
329,1990,9,German Grand Prix,1990-07-29,6,0,0,0,False,0,0,not present in supplied CSV schema,not present in supplied CSV schema,True,False,False,False,False,False,False,
330,1990,10,Hungarian Grand Prix,1990-08-12,6,0,0,0,False,0,0,not present in supplied CSV schema,not present in supplied CSV schema,True,False,False,False,False,False,False,
331,1990,11,Belgian Grand Prix,1990-08-26,6,0,0,0,False,0,0,not present in supplied CSV schema,not present in supplied CSV schema,True,False,False,False,False,False,False,
332,1990,12,Italian Grand Prix,1990-09-09,5,0,0,0,False,0,0,not present in supplied CSV schema,not present in supplied CSV schema,True,False,False,False,False,False,False,
333,1990,13,Portuguese Grand Prix,1990-09-23,6,0,0,0,False,0,0,not present in supplied CSV schema,not present in supplied CSV schema,True,False,False,False,False,False,False,
334,1990,14,Spanish Grand Prix,1990-09-30,6,0,0,0,False,0,0,not present in supplied CSV schema,not present in supplied CSV schema,True,False,False,False,False,False,False,
335,1990,15,Japanese Grand Prix,1990-10-21,6,0,0,0,False,0,0,not present in supplied CSV schema,not present in supplied CSV schema,True,False,False,False,False,False,False,
336,1990,16,Australian Grand Prix,1990-11-04,5,0,0,0,False,0,0,not present in supplied CSV schema,not present in supplied CSV schema,True,False,False,False,False,False,False,
337,2010,1,Bahrain Grand Prix,2010-03-14,13,24,0,0,False,13,0,not present in supplied CSV schema,not present in supplied CSV schema,False,True,False,False,False,False,False,
338,2010,2,Australian Grand Prix,2010-03-28,12,20,0,0,False,12,0,not present in supplied CSV schema,not present in supplied CSV schema,False,True,False,False,False,False,False,
339,2010,3,Malaysian Grand Prix,2010-04-04,11,23,0,0,False,11,0,not present in supplied CSV schema,not present in supplied CSV schema,False,True,False,False,False,False,False,
340,2010,4,Chinese Grand Prix,2010-04-18,13,20,0,0,False,13,0,not present in supplied CSV schema,not present in supplied CSV schema,False,True,False,False,False,False,False,
341,2010,5,Spanish Grand Prix,2010-05-09,8,22,0,0,False,8,0,not present in supplied CSV schema,not present in supplied CSV schema,True,True,False,False,False,False,False,
342,2010,6,Monaco Grand Prix,2010-05-16,12,23,0,0,False,12,0,not present in supplied CSV schema,not present in supplied CSV schema,False,True,False,False,False,False,False,
343,2010,7,Turkish Grand Prix,2010-05-30,12,24,0,0,False,12,0,not present in supplied CSV schema,not present in supplied CSV schema,False,True,False,False,False,False,False,
344,2010,8,Canadian Grand Prix,2010-06-13,7,24,0,0,False,7,0,not present in supplied CSV schema,not present in supplied CSV schema,True,True,False,False,False,False,False,
345,2010,9,European Grand Prix,2010-06-27,16,24,0,0,False,16,0,not present in supplied CSV schema,not present in supplied CSV schema,False,True,False,False,False,False,False,
346,2010,10,British Grand Prix,2010-07-11,15,24,0,0,False,15,0,not present in supplied CSV schema,not present in supplied CSV schema,False,True,False,False,False,False,False,
347,2010,11,German Grand Prix,2010-07-25,6,24,0,0,False,6,0,not present in supplied CSV schema,not present in supplied CSV schema,True,True,False,False,False,False,False,
348,2010,12,Hungarian Grand Prix,2010-08-01,6,24,0,0,False,6,0,not present in supplied CSV schema,not present in supplied CSV schema,True,True,False,False,False,False,False,
349,2010,13,Belgian Grand Prix,2010-08-29,13,23,0,0,False,13,0,not present in supplied CSV schema,not present in supplied CSV schema,False,True,False,False,False,False,False,
350,2010,14,Italian Grand Prix,2010-09-12,13,22,0,0,False,13,0,not present in supplied CSV schema,not present in supplied CSV schema,False,True,False,False,False,False,False,
351,2010,15,Singapore Grand Prix,2010-09-26,10,24,0,0,False,10,0,not present in supplied CSV schema,not present in supplied CSV schema,True,True,False,False,False,False,False,
352,2010,16,Japanese Grand Prix,2010-10-10,10,19,0,0,False,10,0,not present in supplied CSV schema,not present in supplied CSV schema,True,True,False,False,False,False,False,
353,2010,17,Korean Grand Prix,2010-10-24,12,24,0,0,False,12,0,not present in supplied CSV schema,not present in supplied CSV schema,False,True,False,False,False,False,False,
354,2010,18,Brazilian Grand Prix,2010-11-07,7,24,0,0,False,7,0,not present in supplied CSV schema,not present in supplied CSV schema,True,True,False,False,False,False,False,
355,2010,19,Abu Dhabi Grand Prix,2010-11-14,16,22,0,0,False,16,0,not present in supplied CSV schema,not present in supplied CSV schema,False,True,False,False,False,False,False,
356,1989,1,Brazilian Grand Prix,1989-03-26,6,0,0,0,False,0,0,not present in supplied CSV schema,not present in supplied CSV schema,True,False,False,False,False,False,False,
357,1989,2,San Marino Grand Prix,1989-04-23,2,0,0,0,False,0,0,not present in supplied CSV schema,not present in supplied CSV schema,False,False,False,False,False,False,False,
358,1989,3,Monaco Grand Prix,1989-05-07,2,0,0,0,False,0,0,not present in supplied CSV schema,not present in supplied CSV schema,False,False,False,False,False,False,False,
359,1989,4,Mexican Grand Prix,1989-05-28,5,0,0,0,False,0,0,not present in supplied CSV schema,not present in supplied CSV schema,True,False,False,False,False,False,False,
360,1989,5,United States Grand Prix,1989-06-04,3,0,0,0,False,0,0,not present in supplied CSV schema,not present in supplied CSV schema,False,False,False,False,False,False,False,
361,1989,6,Canadian Grand Prix,1989-06-18,4,0,0,0,False,0,0,not present in supplied CSV schema,not present in supplied CSV schema,False,False,False,False,False,False,False,
362,1989,7,French Grand Prix,1989-07-09,4,0,0,0,False,0,0,not present in supplied CSV schema,not present in supplied CSV schema,False,False,False,False,False,False,False,
363,1989,8,British Grand Prix,1989-07-16,4,0,0,0,False,0,0,not present in supplied CSV schema,not present in supplied CSV schema,False,False,False,False,False,False,False,
364,1989,9,German Grand Prix,1989-07-30,3,0,0,0,False,0,0,not present in supplied CSV schema,not present in supplied CSV schema,False,False,False,False,False,False,False,
365,1989,10,Hungarian Grand Prix,1989-08-13,7,0,0,0,False,0,0,not present in supplied CSV schema,not present in supplied CSV schema,True,False,False,False,False,False,False,
366,1989,11,Belgian Grand Prix,1989-08-27,6,0,0,0,False,0,0,not present in supplied CSV schema,not present in supplied CSV schema,True,False,False,False,False,False,False,
367,1989,12,Italian Grand Prix,1989-09-10,4,0,0,0,False,0,0,not present in supplied CSV schema,not present in supplied CSV schema,False,False,False,False,False,False,False,
368,1989,13,Portuguese Grand Prix,1989-09-24,4,0,0,0,False,0,0,not present in supplied CSV schema,not present in supplied CSV schema,False,False,False,False,False,False,False,
369,1989,14,Spanish Grand Prix,1989-10-01,3,0,0,0,False,0,0,not present in supplied CSV schema,not present in supplied CSV schema,False,False,False,False,False,False,False,
370,1989,15,Japanese Grand Prix,1989-10-22,4,0,0,0,False,0,0,not present in supplied CSV schema,not present in supplied CSV schema,False,False,False,False,False,False,False,
371,1989,16,Australian Grand Prix,1989-11-05,4,0,0,0,False,0,0,not present in supplied CSV schema,not present in supplied CSV schema,False,False,False,False,False,False,False,
372,1988,1,Brazilian Grand Prix,1988-04-03,5,0,0,0,False,0,0,not present in supplied CSV schema,not present in supplied CSV schema,True,False,False,False,False,False,False,
373,1988,2,San Marino Grand Prix,1988-05-01,2,0,0,0,False,0,0,not present in supplied CSV schema,not present in supplied CSV schema,False,False,False,False,False,False,False,
374,1988,3,Monaco Grand Prix,1988-05-15,3,0,0,0,False,0,0,not present in supplied CSV schema,not present in supplied CSV schema,False,False,False,False,False,False,False,
375,1988,4,Mexican Grand Prix,1988-05-29,3,0,0,0,False,0,0,not present in supplied CSV schema,not present in supplied CSV schema,False,False,False,False,False,False,False,
376,1988,5,Canadian Grand Prix,1988-06-12,3,0,0,0,False,0,0,not present in supplied CSV schema,not present in supplied CSV schema,False,False,False,False,False,False,False,
377,1988,6,Detroit Grand Prix,1988-06-19,2,0,0,0,False,0,0,not present in supplied CSV schema,not present in supplied CSV schema,False,False,False,False,False,False,False,
378,1988,7,French Grand Prix,1988-07-03,3,0,0,0,False,0,0,not present in supplied CSV schema,not present in supplied CSV schema,False,False,False,False,False,False,False,
379,1988,8,British Grand Prix,1988-07-10,5,0,0,0,False,0,0,not present in supplied CSV schema,not present in supplied CSV schema,True,False,False,False,False,False,False,
380,1988,9,German Grand Prix,1988-07-24,5,0,0,0,False,0,0,not present in supplied CSV schema,not present in supplied CSV schema,True,False,False,False,False,False,False,
381,1988,10,Hungarian Grand Prix,1988-08-07,4,0,0,0,False,0,0,not present in supplied CSV schema,not present in supplied CSV schema,False,False,False,False,False,False,False,
382,1988,11,Belgian Grand Prix,1988-08-28,5,0,0,0,False,0,0,not present in supplied CSV schema,not present in supplied CSV schema,True,False,False,False,False,False,False,
383,1988,12,Italian Grand Prix,1988-09-11,8,0,0,0,False,0,0,not present in supplied CSV schema,not present in supplied CSV schema,True,False,False,False,False,False,False,
384,1988,13,Portuguese Grand Prix,1988-09-25,6,0,0,0,False,0,0,not present in supplied CSV schema,not present in supplied CSV schema,True,False,False,False,False,False,False,
385,1988,14,Spanish Grand Prix,1988-10-02,9,0,0,0,False,0,0,not present in supplied CSV schema,not present in supplied CSV schema,True,False,False,False,False,False,False,
386,1988,15,Japanese Grand Prix,1988-10-30,6,0,0,0,False,0,0,not present in supplied CSV schema,not present in supplied CSV schema,True,False,False,False,False,False,False,
387,1988,16,Australian Grand Prix,1988-11-13,4,0,0,0,False,0,0,not present in supplied CSV schema,not present in supplied CSV schema,False,False,False,False,False,False,False,
388,1987,1,Brazilian Grand Prix,1987-04-12,4,0,0,0,False,0,0,not present in supplied CSV schema,not present in supplied CSV schema,False,False,False,False,False,False,False,
389,1987,2,San Marino Grand Prix,1987-05-03,4,0,0,0,False,0,0,not present in supplied CSV schema,not present in supplied CSV schema,False,False,False,False,False,False,False,
390,1987,3,Belgian Grand Prix,1987-05-17,2,0,0,0,False,0,0,not present in supplied CSV schema,not present in supplied CSV schema,False,False,False,False,False,False,False,
391,1987,4,Monaco Grand Prix,1987-05-31,3,0,0,0,False,0,0,not present in supplied CSV schema,not present in supplied CSV schema,False,False,False,False,False,False,False,
392,1987,5,Detroit Grand Prix,1987-06-21,4,0,0,0,False,0,0,not present in supplied CSV schema,not present in supplied CSV schema,False,False,False,False,False,False,False,
393,1987,6,French Grand Prix,1987-07-05,3,0,0,0,False,0,0,not present in supplied CSV schema,not present in supplied CSV schema,False,False,False,False,False,False,False,
394,1987,7,British Grand Prix,1987-07-12,2,0,0,0,False,0,0,not present in supplied CSV schema,not present in supplied CSV schema,False,False,False,False,False,False,False,
395,1987,8,German Grand Prix,1987-07-26,2,0,0,0,False,0,0,not present in supplied CSV schema,not present in supplied CSV schema,False,False,False,False,False,False,False,
396,1987,9,Hungarian Grand Prix,1987-08-09,3,0,0,0,False,0,0,not present in supplied CSV schema,not present in supplied CSV schema,False,False,False,False,False,False,False,
397,1987,10,Austrian Grand Prix,1987-08-16,2,0,0,0,False,0,0,not present in supplied CSV schema,not present in supplied CSV schema,False,False,False,False,False,False,False,
398,1987,11,Italian Grand Prix,1987-09-06,6,0,0,0,False,0,0,not present in supplied CSV schema,not present in supplied CSV schema,True,False,False,False,False,False,False,
399,1987,12,Portuguese Grand Prix,1987-09-20,3,0,0,0,False,0,0,not present in supplied CSV schema,not present in supplied CSV schema,False,False,False,False,False,False,False,
400,1987,13,Spanish Grand Prix,1987-09-27,5,0,0,0,False,0,0,not present in supplied CSV schema,not present in supplied CSV schema,True,False,False,False,False,False,False,
401,1987,14,Mexican Grand Prix,1987-10-18,4,0,0,0,False,0,0,not present in supplied CSV schema,not present in supplied CSV schema,False,False,False,False,False,False,False,
402,1987,15,Japanese Grand Prix,1987-11-01,6,0,0,0,False,0,0,not present in supplied CSV schema,not present in supplied CSV schema,True,False,False,False,False,False,False,
403,1987,16,Australian Grand Prix,1987-11-15,2,0,0,0,False,0,0,not present in supplied CSV schema,not present in supplied CSV schema,False,False,False,False,False,False,False,
404,1986,1,Brazilian Grand Prix,1986-03-23,4,0,0,0,False,0,0,not present in supplied CSV schema,not present in supplied CSV schema,False,False,False,False,False,False,False,
405,1986,2,Spanish Grand Prix,1986-04-13,3,0,0,0,False,0,0,not present in supplied CSV schema,not present in supplied CSV schema,False,False,False,False,False,False,False,
406,1986,3,San Marino Grand Prix,1986-04-27,2,0,0,0,False,0,0,not present in supplied CSV schema,not present in supplied CSV schema,False,False,False,False,False,False,False,
407,1986,4,Monaco Grand Prix,1986-05-11,4,0,0,0,False,0,0,not present in supplied CSV schema,not present in supplied CSV schema,False,False,False,False,False,False,False,
408,1986,5,Belgian Grand Prix,1986-05-25,6,0,0,0,False,0,0,not present in supplied CSV schema,not present in supplied CSV schema,True,False,False,False,False,False,False,
409,1986,6,Canadian Grand Prix,1986-06-15,4,0,0,0,False,0,0,not present in supplied CSV schema,not present in supplied CSV schema,False,False,False,False,False,False,False,
410,1986,7,Detroit Grand Prix,1986-06-22,4,0,0,0,False,0,0,not present in supplied CSV schema,not present in supplied CSV schema,False,False,False,False,False,False,False,
411,1986,8,French Grand Prix,1986-07-06,4,0,0,0,False,0,0,not present in supplied CSV schema,not present in supplied CSV schema,False,False,False,False,False,False,False,
412,1986,9,British Grand Prix,1986-07-13,2,0,0,0,False,0,0,not present in supplied CSV schema,not present in supplied CSV schema,False,False,False,False,False,False,False,
413,1986,10,German Grand Prix,1986-07-27,4,0,0,0,False,0,0,not present in supplied CSV schema,not present in supplied CSV schema,False,False,False,False,False,False,False,
414,1986,11,Hungarian Grand Prix,1986-08-10,2,0,0,0,False,0,0,not present in supplied CSV schema,not present in supplied CSV schema,False,False,False,False,False,False,False,
415,1986,12,Austrian Grand Prix,1986-08-17,1,0,0,0,False,0,0,not present in supplied CSV schema,not present in supplied CSV schema,False,False,False,False,False,False,False,
416,1986,13,Italian Grand Prix,1986-09-07,4,0,0,0,False,0,0,not present in supplied CSV schema,not present in supplied CSV schema,False,False,False,False,False,False,False,
417,1986,14,Portuguese Grand Prix,1986-09-21,3,0,0,0,False,0,0,not present in supplied CSV schema,not present in supplied CSV schema,False,False,False,False,False,False,False,
418,1986,15,Mexican Grand Prix,1986-10-12,3,0,0,0,False,0,0,not present in supplied CSV schema,not present in supplied CSV schema,False,False,False,False,False,False,False,
419,1986,16,Australian Grand Prix,1986-10-26,2,0,0,0,False,0,0,not present in supplied CSV schema,not present in supplied CSV schema,False,False,False,False,False,False,False,
420,1985,1,Brazilian Grand Prix,1985-04-07,2,0,0,0,False,0,0,not present in supplied CSV schema,not present in supplied CSV schema,False,False,False,False,False,False,False,
421,1985,2,Portuguese Grand Prix,1985-04-21,2,0,0,0,False,0,0,not present in supplied CSV schema,not present in supplied CSV schema,False,False,False,False,False,False,False,
422,1985,3,San Marino Grand Prix,1985-05-05,1,0,0,0,False,0,0,not present in supplied CSV schema,not present in supplied CSV schema,False,False,False,False,False,False,False,
423,1985,4,Monaco Grand Prix,1985-05-19,3,0,0,0,False,0,0,not present in supplied CSV schema,not present in supplied CSV schema,False,False,False,False,False,False,False,
424,1985,5,Canadian Grand Prix,1985-06-16,6,0,0,0,False,0,0,not present in supplied CSV schema,not present in supplied CSV schema,True,False,False,False,False,False,False,
425,1985,6,Detroit Grand Prix,1985-06-23,5,0,0,0,False,0,0,not present in supplied CSV schema,not present in supplied CSV schema,True,False,False,False,False,False,False,
426,1985,7,French Grand Prix,1985-07-07,7,0,0,0,False,0,0,not present in supplied CSV schema,not present in supplied CSV schema,True,False,False,False,False,False,False,
427,1985,8,British Grand Prix,1985-07-21,1,0,0,0,False,0,0,not present in supplied CSV schema,not present in supplied CSV schema,False,False,False,False,False,False,False,
428,1985,9,German Grand Prix,1985-08-04,6,0,0,0,False,0,0,not present in supplied CSV schema,not present in supplied CSV schema,True,False,False,False,False,False,False,
429,1985,10,Austrian Grand Prix,1985-08-18,5,0,0,0,False,0,0,not present in supplied CSV schema,not present in supplied CSV schema,True,False,False,False,False,False,False,
430,1985,11,Dutch Grand Prix,1985-08-25,4,0,0,0,False,0,0,not present in supplied CSV schema,not present in supplied CSV schema,False,False,False,False,False,False,False,
431,1985,12,Italian Grand Prix,1985-09-08,4,0,0,0,False,0,0,not present in supplied CSV schema,not present in supplied CSV schema,False,False,False,False,False,False,False,
432,1985,13,Belgian Grand Prix,1985-09-15,4,0,0,0,False,0,0,not present in supplied CSV schema,not present in supplied CSV schema,False,False,False,False,False,False,False,
433,1985,14,European Grand Prix,1985-10-06,4,0,0,0,False,0,0,not present in supplied CSV schema,not present in supplied CSV schema,False,False,False,False,False,False,False,
434,1985,15,South African Grand Prix,1985-10-19,2,0,0,0,False,0,0,not present in supplied CSV schema,not present in supplied CSV schema,False,False,False,False,False,False,False,
435,1985,16,Australian Grand Prix,1985-11-03,3,0,0,0,False,0,0,not present in supplied CSV schema,not present in supplied CSV schema,False,False,False,False,False,False,False,
436,1984,1,Brazilian Grand Prix,1984-03-25,3,0,0,0,False,0,0,not present in supplied CSV schema,not present in supplied CSV schema,False,False,False,False,False,False,False,
437,1984,2,South African Grand Prix,1984-04-07,2,0,0,0,False,0,0,not present in supplied CSV schema,not present in supplied CSV schema,False,False,False,False,False,False,False,
438,1984,3,Belgian Grand Prix,1984-04-29,3,0,0,0,False,0,0,not present in supplied CSV schema,not present in supplied CSV schema,False,False,False,False,False,False,False,
439,1984,4,San Marino Grand Prix,1984-05-06,2,0,0,0,False,0,0,not present in supplied CSV schema,not present in supplied CSV schema,False,False,False,False,False,False,False,
440,1984,5,French Grand Prix,1984-05-20,5,0,0,0,False,0,0,not present in supplied CSV schema,not present in supplied CSV schema,True,False,False,False,False,False,False,
441,1984,6,Monaco Grand Prix,1984-06-03,5,0,0,0,False,0,0,not present in supplied CSV schema,not present in supplied CSV schema,True,False,False,False,False,False,False,
442,1984,7,Canadian Grand Prix,1984-06-17,3,0,0,0,False,0,0,not present in supplied CSV schema,not present in supplied CSV schema,False,False,False,False,False,False,False,
443,1984,8,Detroit Grand Prix,1984-06-24,4,0,0,0,False,0,0,not present in supplied CSV schema,not present in supplied CSV schema,False,False,False,False,False,False,False,
444,1984,9,Dallas Grand Prix,1984-07-08,2,0,0,0,False,0,0,not present in supplied CSV schema,not present in supplied CSV schema,False,False,False,False,False,False,False,
445,1984,10,British Grand Prix,1984-07-22,3,0,0,0,False,0,0,not present in supplied CSV schema,not present in supplied CSV schema,False,False,False,False,False,False,False,
446,1984,11,German Grand Prix,1984-08-05,5,0,0,0,False,0,0,not present in supplied CSV schema,not present in supplied CSV schema,True,False,False,False,False,False,False,
447,1984,12,Austrian Grand Prix,1984-08-19,4,0,0,0,False,0,0,not present in supplied CSV schema,not present in supplied CSV schema,False,False,False,False,False,False,False,
448,1984,13,Dutch Grand Prix,1984-08-26,3,0,0,0,False,0,0,not present in supplied CSV schema,not present in supplied CSV schema,False,False,False,False,False,False,False,
449,1984,14,Italian Grand Prix,1984-09-09,2,0,0,0,False,0,0,not present in supplied CSV schema,not present in supplied CSV schema,False,False,False,False,False,False,False,
450,1984,15,European Grand Prix,1984-10-07,5,0,0,0,False,0,0,not present in supplied CSV schema,not present in supplied CSV schema,True,False,False,False,False,False,False,
451,1984,16,Portuguese Grand Prix,1984-10-21,5,0,0,0,False,0,0,not present in supplied CSV schema,not present in supplied CSV schema,True,False,False,False,False,False,False,
452,1983,1,Brazilian Grand Prix,1983-03-13,5,0,0,0,False,0,0,not present in supplied CSV schema,not present in supplied CSV schema,True,False,False,False,False,False,False,
453,1983,2,United States Grand Prix West,1983-03-27,3,0,0,0,False,0,0,not present in supplied CSV schema,not present in supplied CSV schema,False,False,False,False,False,False,False,
454,1983,3,French Grand Prix,1983-04-17,4,0,0,0,False,0,0,not present in supplied CSV schema,not present in supplied CSV schema,False,False,False,False,False,False,False,
455,1983,4,San Marino Grand Prix,1983-05-01,2,0,0,0,False,0,0,not present in supplied CSV schema,not present in supplied CSV schema,False,False,False,False,False,False,False,
456,1983,5,Monaco Grand Prix,1983-05-15,4,0,0,0,False,0,0,not present in supplied CSV schema,not present in supplied CSV schema,False,False,False,False,False,False,False,
457,1983,6,Belgian Grand Prix,1983-05-22,8,0,0,0,False,0,0,not present in supplied CSV schema,not present in supplied CSV schema,True,False,False,False,False,False,False,
458,1983,7,Detroit Grand Prix,1983-06-05,5,0,0,0,False,0,0,not present in supplied CSV schema,not present in supplied CSV schema,True,False,False,False,False,False,False,
459,1983,8,Canadian Grand Prix,1983-06-12,4,0,0,0,False,0,0,not present in supplied CSV schema,not present in supplied CSV schema,False,False,False,False,False,False,False,
460,1983,9,British Grand Prix,1983-07-16,5,0,0,0,False,0,0,not present in supplied CSV schema,not present in supplied CSV schema,True,False,False,False,False,False,False,
461,1983,10,German Grand Prix,1983-08-07,4,0,0,0,False,0,0,not present in supplied CSV schema,not present in supplied CSV schema,False,False,False,False,False,False,False,
462,1983,11,Austrian Grand Prix,1983-08-14,4,0,0,0,False,0,0,not present in supplied CSV schema,not present in supplied CSV schema,False,False,False,False,False,False,False,
463,1983,12,Dutch Grand Prix,1983-08-28,5,0,0,0,False,0,0,not present in supplied CSV schema,not present in supplied CSV schema,True,False,False,False,False,False,False,
464,1983,13,Italian Grand Prix,1983-09-11,8,0,0,0,False,0,0,not present in supplied CSV schema,not present in supplied CSV schema,True,False,False,False,False,False,False,
465,1983,14,European Grand Prix,1983-09-25,7,0,0,0,False,0,0,not present in supplied CSV schema,not present in supplied CSV schema,True,False,False,False,False,False,False,
466,1983,15,South African Grand Prix,1983-10-15,3,0,0,0,False,0,0,not present in supplied CSV schema,not present in supplied CSV schema,False,False,False,False,False,False,False,
467,1982,1,South African Grand Prix,1982-01-23,6,0,0,0,False,0,0,not present in supplied CSV schema,not present in supplied CSV schema,True,False,False,False,False,False,False,
468,1982,2,Brazilian Grand Prix,1982-03-21,4,0,0,0,False,0,0,not present in supplied CSV schema,not present in supplied CSV schema,False,False,False,False,False,False,False,
469,1982,3,United States Grand Prix West,1982-04-04,4,0,0,0,False,0,0,not present in supplied CSV schema,not present in supplied CSV schema,False,False,False,False,False,False,False,
470,1982,4,San Marino Grand Prix,1982-04-25,3,0,0,0,False,0,0,not present in supplied CSV schema,not present in supplied CSV schema,False,False,False,False,False,False,False,
471,1982,5,Belgian Grand Prix,1982-05-09,2,0,0,0,False,0,0,not present in supplied CSV schema,not present in supplied CSV schema,False,False,False,False,False,False,False,
472,1982,6,Monaco Grand Prix,1982-05-23,1,0,0,0,False,0,0,not present in supplied CSV schema,not present in supplied CSV schema,False,False,False,False,False,False,False,
473,1982,7,Detroit Grand Prix,1982-06-06,5,0,0,0,False,0,0,not present in supplied CSV schema,not present in supplied CSV schema,True,False,False,False,False,False,False,
474,1982,8,Canadian Grand Prix,1982-06-13,3,0,0,0,False,0,0,not present in supplied CSV schema,not present in supplied CSV schema,False,False,False,False,False,False,False,
475,1982,9,Dutch Grand Prix,1982-07-03,4,0,0,0,False,0,0,not present in supplied CSV schema,not present in supplied CSV schema,False,False,False,False,False,False,False,
476,1982,10,British Grand Prix,1982-07-18,6,0,0,0,False,0,0,not present in supplied CSV schema,not present in supplied CSV schema,True,False,False,False,False,False,False,
477,1982,11,French Grand Prix,1982-07-25,6,0,0,0,False,0,0,not present in supplied CSV schema,not present in supplied CSV schema,True,False,False,False,False,False,False,
478,1982,12,German Grand Prix,1982-08-08,2,0,0,0,False,0,0,not present in supplied CSV schema,not present in supplied CSV schema,False,False,False,False,False,False,False,
479,1982,13,Austrian Grand Prix,1982-08-15,2,0,0,0,False,0,0,not present in supplied CSV schema,not present in supplied CSV schema,False,False,False,False,False,False,False,
480,1982,14,Swiss Grand Prix,1982-08-29,3,0,0,0,False,0,0,not present in supplied CSV schema,not present in supplied CSV schema,False,False,False,False,False,False,False,
481,1982,15,Italian Grand Prix,1982-09-12,4,0,0,0,False,0,0,not present in supplied CSV schema,not present in supplied CSV schema,False,False,False,False,False,False,False,
482,1982,16,Caesars Palace Grand Prix,1982-09-25,5,0,0,0,False,0,0,not present in supplied CSV schema,not present in supplied CSV schema,True,False,False,False,False,False,False,
483,1981,1,United States Grand Prix West,1981-03-15,5,0,0,0,False,0,0,not present in supplied CSV schema,not present in supplied CSV schema,True,False,False,False,False,False,False,
484,1981,2,Brazilian Grand Prix,1981-03-29,7,0,0,0,False,0,0,not present in supplied CSV schema,not present in supplied CSV schema,True,False,False,False,False,False,False,
485,1981,3,Argentine Grand Prix,1981-04-12,5,0,0,0,False,0,0,not present in supplied CSV schema,not present in supplied CSV schema,True,False,False,False,False,False,False,
486,1981,4,San Marino Grand Prix,1981-05-03,7,0,0,0,False,0,0,not present in supplied CSV schema,not present in supplied CSV schema,True,False,False,False,False,False,False,
487,1981,5,Belgian Grand Prix,1981-05-17,9,0,0,0,False,0,0,not present in supplied CSV schema,not present in supplied CSV schema,True,False,False,False,False,False,False,
488,1981,6,Monaco Grand Prix,1981-05-31,3,0,0,0,False,0,0,not present in supplied CSV schema,not present in supplied CSV schema,False,False,False,False,False,False,False,
489,1981,7,Spanish Grand Prix,1981-06-21,10,0,0,0,False,0,0,not present in supplied CSV schema,not present in supplied CSV schema,True,False,False,False,False,False,False,
490,1981,8,French Grand Prix,1981-07-05,4,0,0,0,False,0,0,not present in supplied CSV schema,not present in supplied CSV schema,False,False,False,False,False,False,False,
491,1981,9,British Grand Prix,1981-07-18,2,0,0,0,False,0,0,not present in supplied CSV schema,not present in supplied CSV schema,False,False,False,False,False,False,False,
492,1981,10,German Grand Prix,1981-08-02,5,0,0,0,False,0,0,not present in supplied CSV schema,not present in supplied CSV schema,True,False,False,False,False,False,False,
493,1981,11,Austrian Grand Prix,1981-08-16,6,0,0,0,False,0,0,not present in supplied CSV schema,not present in supplied CSV schema,True,False,False,False,False,False,False,
494,1981,12,Dutch Grand Prix,1981-08-30,3,0,0,0,False,0,0,not present in supplied CSV schema,not present in supplied CSV schema,False,False,False,False,False,False,False,
495,1981,13,Italian Grand Prix,1981-09-13,5,0,0,0,False,0,0,not present in supplied CSV schema,not present in supplied CSV schema,True,False,False,False,False,False,False,
496,1981,14,Canadian Grand Prix,1981-09-27,3,0,0,0,False,0,0,not present in supplied CSV schema,not present in supplied CSV schema,False,False,False,False,False,False,False,
497,1981,15,Caesars Palace Grand Prix,1981-10-17,7,0,0,0,False,0,0,not present in supplied CSV schema,not present in supplied CSV schema,True,False,False,False,False,False,False,
498,1980,1,Argentine Grand Prix,1980-01-13,4,0,0,0,False,0,0,not present in supplied CSV schema,not present in supplied CSV schema,False,False,False,False,False,False,False,
499,1980,2,Brazilian Grand Prix,1980-01-27,5,0,0,0,False,0,0,not present in supplied CSV schema,not present in supplied CSV schema,True,False,False,False,False,False,False,
500,1980,3,South African Grand Prix,1980-03-01,4,0,0,0,False,0,0,not present in supplied CSV schema,not present in supplied CSV schema,False,False,False,False,False,False,False,
501,1980,4,United States Grand Prix West,1980-03-30,3,0,0,0,False,0,0,not present in supplied CSV schema,not present in supplied CSV schema,False,False,False,False,False,False,False,
502,1980,5,Belgian Grand Prix,1980-05-04,3,0,0,0,False,0,0,not present in supplied CSV schema,not present in supplied CSV schema,False,False,False,False,False,False,False,
503,1980,6,Monaco Grand Prix,1980-05-18,3,0,0,0,False,0,0,not present in supplied CSV schema,not present in supplied CSV schema,False,False,False,False,False,False,False,
504,1980,7,French Grand Prix,1980-06-29,6,0,0,0,False,0,0,not present in supplied CSV schema,not present in supplied CSV schema,True,False,False,False,False,False,False,
505,1980,8,British Grand Prix,1980-07-13,3,0,0,0,False,0,0,not present in supplied CSV schema,not present in supplied CSV schema,False,False,False,False,False,False,False,
506,1980,9,German Grand Prix,1980-08-10,8,0,0,0,False,0,0,not present in supplied CSV schema,not present in supplied CSV schema,True,False,False,False,False,False,False,
507,1980,10,Austrian Grand Prix,1980-08-17,7,0,0,0,False,0,0,not present in supplied CSV schema,not present in supplied CSV schema,True,False,False,False,False,False,False,
508,1980,11,Dutch Grand Prix,1980-08-31,6,0,0,0,False,0,0,not present in supplied CSV schema,not present in supplied CSV schema,True,False,False,False,False,False,False,
509,1980,12,Italian Grand Prix,1980-09-14,3,0,0,0,False,0,0,not present in supplied CSV schema,not present in supplied CSV schema,False,False,False,False,False,False,False,
510,1980,13,Canadian Grand Prix,1980-09-28,5,0,0,0,False,0,0,not present in supplied CSV schema,not present in supplied CSV schema,True,False,False,False,False,False,False,
511,1980,14,United States Grand Prix,1980-10-05,4,0,0,0,False,0,0,not present in supplied CSV schema,not present in supplied CSV schema,False,False,False,False,False,False,False,
512,1979,1,Argentine Grand Prix,1979-01-21,4,0,0,0,False,0,0,not present in supplied CSV schema,not present in supplied CSV schema,False,False,False,False,False,False,False,
513,1979,2,Brazilian Grand Prix,1979-02-04,4,0,0,0,False,0,0,not present in supplied CSV schema,not present in supplied CSV schema,False,False,False,False,False,False,False,
514,1979,3,South African Grand Prix,1979-03-03,5,0,0,0,False,0,0,not present in supplied CSV schema,not present in supplied CSV schema,True,False,False,False,False,False,False,
515,1979,4,United States Grand Prix West,1979-04-08,5,0,0,0,False,0,0,not present in supplied CSV schema,not present in supplied CSV schema,True,False,False,False,False,False,False,
516,1979,5,Spanish Grand Prix,1979-04-29,8,0,0,0,False,0,0,not present in supplied CSV schema,not present in supplied CSV schema,True,False,False,False,False,False,False,
517,1979,6,Belgian Grand Prix,1979-05-13,6,0,0,0,False,0,0,not present in supplied CSV schema,not present in supplied CSV schema,True,False,False,False,False,False,False,
518,1979,7,Monaco Grand Prix,1979-05-27,4,0,0,0,False,0,0,not present in supplied CSV schema,not present in supplied CSV schema,False,False,False,False,False,False,False,
519,1979,8,French Grand Prix,1979-07-01,6,0,0,0,False,0,0,not present in supplied CSV schema,not present in supplied CSV schema,True,False,False,False,False,False,False,
520,1979,9,British Grand Prix,1979-07-14,2,0,0,0,False,0,0,not present in supplied CSV schema,not present in supplied CSV schema,False,False,False,False,False,False,False,
521,1979,10,German Grand Prix,1979-07-29,5,0,0,0,False,0,0,not present in supplied CSV schema,not present in supplied CSV schema,True,False,False,False,False,False,False,
522,1979,11,Austrian Grand Prix,1979-08-12,5,0,0,0,False,0,0,not present in supplied CSV schema,not present in supplied CSV schema,True,False,False,False,False,False,False,
523,1979,12,Dutch Grand Prix,1979-08-26,3,0,0,0,False,0,0,not present in supplied CSV schema,not present in supplied CSV schema,False,False,False,False,False,False,False,
524,1979,13,Italian Grand Prix,1979-09-09,7,0,0,0,False,0,0,not present in supplied CSV schema,not present in supplied CSV schema,True,False,False,False,False,False,False,
525,1979,14,Canadian Grand Prix,1979-09-30,3,0,0,0,False,0,0,not present in supplied CSV schema,not present in supplied CSV schema,False,False,False,False,False,False,False,
526,1979,15,United States Grand Prix,1979-10-07,5,0,0,0,False,0,0,not present in supplied CSV schema,not present in supplied CSV schema,True,False,False,False,False,False,False,
527,1978,1,Argentine Grand Prix,1978-01-15,11,0,0,0,False,0,0,not present in supplied CSV schema,not present in supplied CSV schema,False,False,False,False,False,False,False,
528,1978,2,Brazilian Grand Prix,1978-01-29,4,0,0,0,False,0,0,not present in supplied CSV schema,not present in supplied CSV schema,False,False,False,False,False,False,False,
529,1978,3,South African Grand Prix,1978-03-04,5,0,0,0,False,0,0,not present in supplied CSV schema,not present in supplied CSV schema,True,False,False,False,False,False,False,
530,1978,4,United States Grand Prix West,1978-04-02,5,0,0,0,False,0,0,not present in supplied CSV schema,not present in supplied CSV schema,True,False,False,False,False,False,False,
531,1978,5,Monaco Grand Prix,1978-05-07,6,0,0,0,False,0,0,not present in supplied CSV schema,not present in supplied CSV schema,True,False,False,False,False,False,False,
532,1978,6,Belgian Grand Prix,1978-05-21,4,0,0,0,False,0,0,not present in supplied CSV schema,not present in supplied CSV schema,False,False,False,False,False,False,False,
533,1978,7,Spanish Grand Prix,1978-06-04,5,0,0,0,False,0,0,not present in supplied CSV schema,not present in supplied CSV schema,True,False,False,False,False,False,False,
534,1978,8,Swedish Grand Prix,1978-06-17,3,0,0,0,False,0,0,not present in supplied CSV schema,not present in supplied CSV schema,False,False,False,False,False,False,False,
535,1978,9,French Grand Prix,1978-07-02,10,0,0,0,False,0,0,not present in supplied CSV schema,not present in supplied CSV schema,True,False,False,False,False,False,False,
536,1978,10,British Grand Prix,1978-07-16,4,0,0,0,False,0,0,not present in supplied CSV schema,not present in supplied CSV schema,False,False,False,False,False,False,False,
537,1978,11,German Grand Prix,1978-07-30,8,0,0,0,False,0,0,not present in supplied CSV schema,not present in supplied CSV schema,True,False,False,False,False,False,False,
538,1978,12,Austrian Grand Prix,1978-08-13,3,0,0,0,False,0,0,not present in supplied CSV schema,not present in supplied CSV schema,False,False,False,False,False,False,False,
539,1978,13,Dutch Grand Prix,1978-08-27,7,0,0,0,False,0,0,not present in supplied CSV schema,not present in supplied CSV schema,True,False,False,False,False,False,False,
540,1978,14,Italian Grand Prix,1978-09-10,11,0,0,0,False,0,0,not present in supplied CSV schema,not present in supplied CSV schema,False,False,False,False,False,False,False,
541,1978,15,United States Grand Prix,1978-10-01,6,0,0,0,False,0,0,not present in supplied CSV schema,not present in supplied CSV schema,True,False,False,False,False,False,False,
542,1978,16,Canadian Grand Prix,1978-10-08,9,0,0,0,False,0,0,not present in supplied CSV schema,not present in supplied CSV schema,True,False,False,False,False,False,False,
543,1977,1,Argentine Grand Prix,1977-01-09,4,0,0,0,False,0,0,not present in supplied CSV schema,not present in supplied CSV schema,False,False,False,False,False,False,False,
544,1977,2,Brazilian Grand Prix,1977-01-23,3,0,0,0,False,0,0,not present in supplied CSV schema,not present in supplied CSV schema,False,False,False,False,False,False,False,
545,1977,3,South African Grand Prix,1977-03-05,10,0,0,0,False,0,0,not present in supplied CSV schema,not present in supplied CSV schema,True,False,False,False,False,False,False,
546,1977,4,United States Grand Prix West,1977-04-03,5,0,0,0,False,0,0,not present in supplied CSV schema,not present in supplied CSV schema,True,False,False,False,False,False,False,
547,1977,5,Spanish Grand Prix,1977-05-08,5,0,0,0,False,0,0,not present in supplied CSV schema,not present in supplied CSV schema,True,False,False,False,False,False,False,
548,1977,6,Monaco Grand Prix,1977-05-22,8,0,0,0,False,0,0,not present in supplied CSV schema,not present in supplied CSV schema,True,False,False,False,False,False,False,
549,1977,7,Belgian Grand Prix,1977-06-05,5,0,0,0,False,0,0,not present in supplied CSV schema,not present in supplied CSV schema,True,False,False,False,False,False,False,
550,1977,8,Swedish Grand Prix,1977-06-19,9,0,0,0,False,0,0,not present in supplied CSV schema,not present in supplied CSV schema,True,False,False,False,False,False,False,
551,1977,9,French Grand Prix,1977-07-03,5,0,0,0,False,0,0,not present in supplied CSV schema,not present in supplied CSV schema,True,False,False,False,False,False,False,
552,1977,10,British Grand Prix,1977-07-16,5,0,0,0,False,0,0,not present in supplied CSV schema,not present in supplied CSV schema,True,False,False,False,False,False,False,
553,1977,11,German Grand Prix,1977-07-31,6,0,0,0,False,0,0,not present in supplied CSV schema,not present in supplied CSV schema,True,False,False,False,False,False,False,
554,1977,12,Austrian Grand Prix,1977-08-14,5,0,0,0,False,0,0,not present in supplied CSV schema,not present in supplied CSV schema,True,False,False,False,False,False,False,
555,1977,13,Dutch Grand Prix,1977-08-28,2,0,0,0,False,0,0,not present in supplied CSV schema,not present in supplied CSV schema,False,False,False,False,False,False,False,
556,1977,14,Italian Grand Prix,1977-09-11,6,0,0,0,False,0,0,not present in supplied CSV schema,not present in supplied CSV schema,True,False,False,False,False,False,False,
557,1977,15,United States Grand Prix,1977-10-02,5,0,0,0,False,0,0,not present in supplied CSV schema,not present in supplied CSV schema,True,False,False,False,False,False,False,
558,1977,16,Canadian Grand Prix,1977-10-09,5,0,0,0,False,0,0,not present in supplied CSV schema,not present in supplied CSV schema,True,False,False,False,False,False,False,
559,1977,17,Japanese Grand Prix,1977-10-23,4,0,0,0,False,0,0,not present in supplied CSV schema,not present in supplied CSV schema,False,False,False,False,False,False,False,
560,1976,1,Brazilian Grand Prix,1976-01-25,7,0,0,0,False,0,0,not present in supplied CSV schema,not present in supplied CSV schema,True,False,False,False,False,False,False,
561,1976,2,South African Grand Prix,1976-03-06,4,0,0,0,False,0,0,not present in supplied CSV schema,not present in supplied CSV schema,False,False,False,False,False,False,False,
562,1976,3,United States Grand Prix West,1976-03-28,5,0,0,0,False,0,0,not present in supplied CSV schema,not present in supplied CSV schema,True,False,False,False,False,False,False,
563,1976,4,Spanish Grand Prix,1976-05-02,3,0,0,0,False,0,0,not present in supplied CSV schema,not present in supplied CSV schema,False,False,False,False,False,False,False,
564,1976,5,Belgian Grand Prix,1976-05-16,4,0,0,0,False,0,0,not present in supplied CSV schema,not present in supplied CSV schema,False,False,False,False,False,False,False,
565,1976,6,Monaco Grand Prix,1976-05-30,3,0,0,0,False,0,0,not present in supplied CSV schema,not present in supplied CSV schema,False,False,False,False,False,False,False,
566,1976,7,Swedish Grand Prix,1976-06-13,8,0,0,0,False,0,0,not present in supplied CSV schema,not present in supplied CSV schema,True,False,False,False,False,False,False,
567,1976,8,French Grand Prix,1976-07-04,9,0,0,0,False,0,0,not present in supplied CSV schema,not present in supplied CSV schema,True,False,False,False,False,False,False,
568,1976,9,British Grand Prix,1976-07-18,2,0,0,0,False,0,0,not present in supplied CSV schema,not present in supplied CSV schema,False,False,False,False,False,False,False,
569,1976,10,German Grand Prix,1976-08-01,13,0,0,0,False,0,0,not present in supplied CSV schema,not present in supplied CSV schema,False,False,False,False,False,False,False,
570,1976,11,Austrian Grand Prix,1976-08-15,7,0,0,0,False,0,0,not present in supplied CSV schema,not present in supplied CSV schema,True,False,False,False,False,False,False,
571,1976,12,Dutch Grand Prix,1976-08-29,7,0,0,0,False,0,0,not present in supplied CSV schema,not present in supplied CSV schema,True,False,False,False,False,False,False,
572,1976,13,Italian Grand Prix,1976-09-12,11,0,0,0,False,0,0,not present in supplied CSV schema,not present in supplied CSV schema,False,False,False,False,False,False,False,
573,1976,14,Canadian Grand Prix,1976-10-03,8,0,0,0,False,0,0,not present in supplied CSV schema,not present in supplied CSV schema,True,False,False,False,False,False,False,
574,1976,15,United States Grand Prix,1976-10-10,6,0,0,0,False,0,0,not present in supplied CSV schema,not present in supplied CSV schema,True,False,False,False,False,False,False,
575,1976,16,Japanese Grand Prix,1976-10-24,1,0,0,0,False,0,0,not present in supplied CSV schema,not present in supplied CSV schema,False,False,False,False,False,False,False,
576,1975,1,Argentine Grand Prix,1975-01-12,6,0,0,0,False,0,0,not present in supplied CSV schema,not present in supplied CSV schema,True,False,False,False,False,False,False,
577,1975,2,Brazilian Grand Prix,1975-01-26,10,0,0,0,False,0,0,not present in supplied CSV schema,not present in supplied CSV schema,True,False,False,False,False,False,False,
578,1975,3,South African Grand Prix,1975-03-01,7,0,0,0,False,0,0,not present in supplied CSV schema,not present in supplied CSV schema,True,False,False,False,False,False,False,
579,1975,4,Spanish Grand Prix,1975-04-27,2,0,0,0,False,0,0,not present in supplied CSV schema,not present in supplied CSV schema,False,False,False,False,False,False,False,
580,1975,5,Monaco Grand Prix,1975-05-11,6,0,0,0,False,0,0,not present in supplied CSV schema,not present in supplied CSV schema,True,False,False,False,False,False,False,
581,1975,6,Belgian Grand Prix,1975-05-25,6,0,0,0,False,0,0,not present in supplied CSV schema,not present in supplied CSV schema,True,False,False,False,False,False,False,
582,1975,7,Swedish Grand Prix,1975-06-08,5,0,0,0,False,0,0,not present in supplied CSV schema,not present in supplied CSV schema,True,False,False,False,False,False,False,
583,1975,8,Dutch Grand Prix,1975-06-22,3,0,0,0,False,0,0,not present in supplied CSV schema,not present in supplied CSV schema,False,False,False,False,False,False,False,
584,1975,9,French Grand Prix,1975-07-06,12,0,0,0,False,0,0,not present in supplied CSV schema,not present in supplied CSV schema,False,False,False,False,False,False,False,
585,1975,10,British Grand Prix,1975-07-19,1,0,0,0,False,0,0,not present in supplied CSV schema,not present in supplied CSV schema,False,False,False,False,False,False,False,
586,1975,11,German Grand Prix,1975-08-03,8,0,0,0,False,0,0,not present in supplied CSV schema,not present in supplied CSV schema,True,False,False,False,False,False,False,
587,1975,12,Austrian Grand Prix,1975-08-17,7,0,0,0,False,0,0,not present in supplied CSV schema,not present in supplied CSV schema,True,False,False,False,False,False,False,
588,1975,13,Italian Grand Prix,1975-09-07,6,0,0,0,False,0,0,not present in supplied CSV schema,not present in supplied CSV schema,True,False,False,False,False,False,False,
589,1975,14,United States Grand Prix,1975-10-05,7,0,0,0,False,0,0,not present in supplied CSV schema,not present in supplied CSV schema,True,False,False,False,False,False,False,
590,1974,1,Argentine Grand Prix,1974-01-13,6,0,0,0,False,0,0,not present in supplied CSV schema,not present in supplied CSV schema,True,False,False,False,False,False,False,
591,1974,2,Brazilian Grand Prix,1974-01-27,2,0,0,0,False,0,0,not present in supplied CSV schema,not present in supplied CSV schema,False,False,False,False,False,False,False,
592,1974,3,South African Grand Prix,1974-03-30,8,0,0,0,False,0,0,not present in supplied CSV schema,not present in supplied CSV schema,True,False,False,False,False,False,False,
593,1974,4,Spanish Grand Prix,1974-04-28,2,0,0,0,False,0,0,not present in supplied CSV schema,not present in supplied CSV schema,False,False,False,False,False,False,False,
594,1974,5,Belgian Grand Prix,1974-05-12,6,0,0,0,False,0,0,not present in supplied CSV schema,not present in supplied CSV schema,True,False,False,False,False,False,False,
595,1974,6,Monaco Grand Prix,1974-05-26,4,0,0,0,False,0,0,not present in supplied CSV schema,not present in supplied CSV schema,False,False,False,False,False,False,False,
596,1974,7,Swedish Grand Prix,1974-06-09,5,0,0,0,False,0,0,not present in supplied CSV schema,not present in supplied CSV schema,True,False,False,False,False,False,False,
597,1974,8,Dutch Grand Prix,1974-06-23,7,0,0,0,False,0,0,not present in supplied CSV schema,not present in supplied CSV schema,True,False,False,False,False,False,False,
598,1974,9,French Grand Prix,1974-07-07,6,0,0,0,False,0,0,not present in supplied CSV schema,not present in supplied CSV schema,True,False,False,False,False,False,False,
599,1974,10,British Grand Prix,1974-07-20,4,0,0,0,False,0,0,not present in supplied CSV schema,not present in supplied CSV schema,False,False,False,False,False,False,False,
600,1974,11,German Grand Prix,1974-08-04,13,0,0,0,False,0,0,not present in supplied CSV schema,not present in supplied CSV schema,False,False,False,False,False,False,False,
601,1974,12,Austrian Grand Prix,1974-08-18,6,0,0,0,False,0,0,not present in supplied CSV schema,not present in supplied CSV schema,True,False,False,False,False,False,False,
602,1974,13,Italian Grand Prix,1974-09-08,4,0,0,0,False,0,0,not present in supplied CSV schema,not present in supplied CSV schema,False,False,False,False,False,False,False,
603,1974,14,Canadian Grand Prix,1974-09-22,5,0,0,0,False,0,0,not present in supplied CSV schema,not present in supplied CSV schema,True,False,False,False,False,False,False,
604,1974,15,United States Grand Prix,1974-10-06,7,0,0,0,False,0,0,not present in supplied CSV schema,not present in supplied CSV schema,True,False,False,False,False,False,False,
605,1973,1,Argentine Grand Prix,1973-01-28,4,0,0,0,False,0,0,not present in supplied CSV schema,not present in supplied CSV schema,False,False,False,False,False,False,False,
606,1973,2,Brazilian Grand Prix,1973-02-11,3,0,0,0,False,0,0,not present in supplied CSV schema,not present in supplied CSV schema,False,False,False,False,False,False,False,
607,1973,3,South African Grand Prix,1973-03-03,3,0,0,0,False,0,0,not present in supplied CSV schema,not present in supplied CSV schema,False,False,False,False,False,False,False,
608,1973,4,Spanish Grand Prix,1973-04-29,3,0,0,0,False,0,0,not present in supplied CSV schema,not present in supplied CSV schema,False,False,False,False,False,False,False,
609,1973,5,Belgian Grand Prix,1973-05-20,3,0,0,0,False,0,0,not present in supplied CSV schema,not present in supplied CSV schema,False,False,False,False,False,False,False,
610,1973,6,Monaco Grand Prix,1973-06-03,2,0,0,0,False,0,0,not present in supplied CSV schema,not present in supplied CSV schema,False,False,False,False,False,False,False,
611,1973,7,Swedish Grand Prix,1973-06-17,5,0,0,0,False,0,0,not present in supplied CSV schema,not present in supplied CSV schema,True,False,False,False,False,False,False,
612,1973,8,French Grand Prix,1973-07-01,9,0,0,0,False,0,0,not present in supplied CSV schema,not present in supplied CSV schema,True,False,False,False,False,False,False,
613,1973,9,British Grand Prix,1973-07-14,8,0,0,0,False,0,0,not present in supplied CSV schema,not present in supplied CSV schema,True,False,False,False,False,False,False,
614,1973,10,Dutch Grand Prix,1973-07-29,5,0,0,0,False,0,0,not present in supplied CSV schema,not present in supplied CSV schema,True,False,False,False,False,False,False,
615,1973,11,German Grand Prix,1973-08-05,13,0,0,0,False,0,0,not present in supplied CSV schema,not present in supplied CSV schema,False,False,False,False,False,False,False,
616,1973,12,Austrian Grand Prix,1973-08-19,6,0,0,0,False,0,0,not present in supplied CSV schema,not present in supplied CSV schema,True,False,False,False,False,False,False,
617,1973,13,Italian Grand Prix,1973-09-09,7,0,0,0,False,0,0,not present in supplied CSV schema,not present in supplied CSV schema,True,False,False,False,False,False,False,
618,1973,14,Canadian Grand Prix,1973-09-23,4,0,0,0,False,0,0,not present in supplied CSV schema,not present in supplied CSV schema,False,False,False,False,False,False,False,
619,1973,15,United States Grand Prix,1973-10-07,6,0,0,0,False,0,0,not present in supplied CSV schema,not present in supplied CSV schema,True,False,False,False,False,False,False,
620,1972,1,Argentine Grand Prix,1972-01-23,5,0,0,0,False,0,0,not present in supplied CSV schema,not present in supplied CSV schema,True,False,False,False,False,False,False,
621,1972,2,South African Grand Prix,1972-03-04,5,0,0,0,False,0,0,not present in supplied CSV schema,not present in supplied CSV schema,True,False,False,False,False,False,False,
622,1972,3,Spanish Grand Prix,1972-05-01,2,0,0,0,False,0,0,not present in supplied CSV schema,not present in supplied CSV schema,False,False,False,False,False,False,False,
623,1972,4,Monaco Grand Prix,1972-05-14,2,0,0,0,False,0,0,not present in supplied CSV schema,not present in supplied CSV schema,False,False,False,False,False,False,False,
624,1972,5,Belgian Grand Prix,1972-06-04,4,0,0,0,False,0,0,not present in supplied CSV schema,not present in supplied CSV schema,False,False,False,False,False,False,False,
625,1972,6,French Grand Prix,1972-07-02,10,0,0,0,False,0,0,not present in supplied CSV schema,not present in supplied CSV schema,True,False,False,False,False,False,False,
626,1972,7,British Grand Prix,1972-07-15,3,0,0,0,False,0,0,not present in supplied CSV schema,not present in supplied CSV schema,False,False,False,False,False,False,False,
627,1972,8,German Grand Prix,1972-07-30,10,0,0,0,False,0,0,not present in supplied CSV schema,not present in supplied CSV schema,True,False,False,False,False,False,False,
628,1972,9,Austrian Grand Prix,1972-08-13,8,0,0,0,False,0,0,not present in supplied CSV schema,not present in supplied CSV schema,True,False,False,False,False,False,False,
629,1972,10,Italian Grand Prix,1972-09-10,6,0,0,0,False,0,0,not present in supplied CSV schema,not present in supplied CSV schema,True,False,False,False,False,False,False,
630,1972,11,Canadian Grand Prix,1972-09-24,5,0,0,0,False,0,0,not present in supplied CSV schema,not present in supplied CSV schema,True,False,False,False,False,False,False,
631,1972,12,United States Grand Prix,1972-10-08,5,0,0,0,False,0,0,not present in supplied CSV schema,not present in supplied CSV schema,True,False,False,False,False,False,False,
632,1971,1,South African Grand Prix,1971-03-06,4,0,0,0,False,0,0,not present in supplied CSV schema,not present in supplied CSV schema,False,False,False,False,False,False,False,
633,1971,2,Spanish Grand Prix,1971-04-18,5,0,0,0,False,0,0,not present in supplied CSV schema,not present in supplied CSV schema,True,False,False,False,False,False,False,
634,1971,3,Monaco Grand Prix,1971-05-23,4,0,0,0,False,0,0,not present in supplied CSV schema,not present in supplied CSV schema,False,False,False,False,False,False,False,
635,1971,4,Dutch Grand Prix,1971-06-20,2,0,0,0,False,0,0,not present in supplied CSV schema,not present in supplied CSV schema,False,False,False,False,False,False,False,
636,1971,5,French Grand Prix,1971-07-04,8,0,0,0,False,0,0,not present in supplied CSV schema,not present in supplied CSV schema,True,False,False,False,False,False,False,
637,1971,6,British Grand Prix,1971-07-17,3,0,0,0,False,0,0,not present in supplied CSV schema,not present in supplied CSV schema,False,False,False,False,False,False,False,
638,1971,7,German Grand Prix,1971-08-01,9,0,0,0,False,0,0,not present in supplied CSV schema,not present in supplied CSV schema,True,False,False,False,False,False,False,
639,1971,8,Austrian Grand Prix,1971-08-15,7,0,0,0,False,0,0,not present in supplied CSV schema,not present in supplied CSV schema,True,False,False,False,False,False,False,
640,1971,9,Italian Grand Prix,1971-09-05,7,0,0,0,False,0,0,not present in supplied CSV schema,not present in supplied CSV schema,True,False,False,False,False,False,False,
641,1971,10,Canadian Grand Prix,1971-09-19,3,0,0,0,False,0,0,not present in supplied CSV schema,not present in supplied CSV schema,False,False,False,False,False,False,False,
642,1971,11,United States Grand Prix,1971-10-03,6,0,0,0,False,0,0,not present in supplied CSV schema,not present in supplied CSV schema,True,False,False,False,False,False,False,
643,1970,1,South African Grand Prix,1970-03-07,4,0,0,0,False,0,0,not present in supplied CSV schema,not present in supplied CSV schema,False,False,False,False,False,False,False,
644,1970,2,Spanish Grand Prix,1970-04-19,1,0,0,0,False,0,0,not present in supplied CSV schema,not present in supplied CSV schema,False,False,False,False,False,False,False,
645,1970,3,Monaco Grand Prix,1970-05-10,4,0,0,0,False,0,0,not present in supplied CSV schema,not present in supplied CSV schema,False,False,False,False,False,False,False,
646,1970,4,Belgian Grand Prix,1970-06-07,5,0,0,0,False,0,0,not present in supplied CSV schema,not present in supplied CSV schema,True,False,False,False,False,False,False,
647,1970,5,Dutch Grand Prix,1970-06-21,2,0,0,0,False,0,0,not present in supplied CSV schema,not present in supplied CSV schema,False,False,False,False,False,False,False,
648,1970,6,French Grand Prix,1970-07-05,9,0,0,0,False,0,0,not present in supplied CSV schema,not present in supplied CSV schema,True,False,False,False,False,False,False,
649,1970,7,British Grand Prix,1970-07-18,4,0,0,0,False,0,0,not present in supplied CSV schema,not present in supplied CSV schema,False,False,False,False,False,False,False,
650,1970,8,German Grand Prix,1970-08-02,4,0,0,0,False,0,0,not present in supplied CSV schema,not present in supplied CSV schema,False,False,False,False,False,False,False,
651,1970,9,Austrian Grand Prix,1970-08-16,3,0,0,0,False,0,0,not present in supplied CSV schema,not present in supplied CSV schema,False,False,False,False,False,False,False,
652,1970,10,Italian Grand Prix,1970-09-06,6,0,0,0,False,0,0,not present in supplied CSV schema,not present in supplied CSV schema,True,False,False,False,False,False,False,
653,1970,11,Canadian Grand Prix,1970-09-20,3,0,0,0,False,0,0,not present in supplied CSV schema,not present in supplied CSV schema,False,False,False,False,False,False,False,
654,1970,12,United States Grand Prix,1970-10-04,3,0,0,0,False,0,0,not present in supplied CSV schema,not present in supplied CSV schema,False,False,False,False,False,False,False,
655,1970,13,Mexican Grand Prix,1970-10-25,6,0,0,0,False,0,0,not present in supplied CSV schema,not present in supplied CSV schema,True,False,False,False,False,False,False,
656,1969,1,South African Grand Prix,1969-03-01,4,0,0,0,False,0,0,not present in supplied CSV schema,not present in supplied CSV schema,False,False,False,False,False,False,False,
657,1969,2,Spanish Grand Prix,1969-05-04,1,0,0,0,False,0,0,not present in supplied CSV schema,not present in supplied CSV schema,False,False,False,False,False,False,False,
658,1969,3,Monaco Grand Prix,1969-05-18,4,0,0,0,False,0,0,not present in supplied CSV schema,not present in supplied CSV schema,False,False,False,False,False,False,False,
659,1969,4,Dutch Grand Prix,1969-06-21,6,0,0,0,False,0,0,not present in supplied CSV schema,not present in supplied CSV schema,True,False,False,False,False,False,False,
660,1969,5,French Grand Prix,1969-07-06,3,0,0,0,False,0,0,not present in supplied CSV schema,not present in supplied CSV schema,False,False,False,False,False,False,False,
661,1969,6,British Grand Prix,1969-07-19,1,0,0,0,False,0,0,not present in supplied CSV schema,not present in supplied CSV schema,False,False,False,False,False,False,False,
662,1969,7,German Grand Prix,1969-08-03,4,0,0,0,False,0,0,not present in supplied CSV schema,not present in supplied CSV schema,False,False,False,False,False,False,False,
663,1969,8,Italian Grand Prix,1969-09-07,5,0,0,0,False,0,0,not present in supplied CSV schema,not present in supplied CSV schema,True,False,False,False,False,False,False,
664,1969,9,Canadian Grand Prix,1969-09-20,3,0,0,0,False,0,0,not present in supplied CSV schema,not present in supplied CSV schema,False,False,False,False,False,False,False,
665,1969,10,United States Grand Prix,1969-10-05,2,0,0,0,False,0,0,not present in supplied CSV schema,not present in supplied CSV schema,False,False,False,False,False,False,False,
666,1969,11,Mexican Grand Prix,1969-10-19,5,0,0,0,False,0,0,not present in supplied CSV schema,not present in supplied CSV schema,True,False,False,False,False,False,False,
667,1968,1,South African Grand Prix,1968-01-01,3,0,0,0,False,0,0,not present in supplied CSV schema,not present in supplied CSV schema,False,False,False,False,False,False,False,
668,1968,2,Spanish Grand Prix,1968-05-12,2,0,0,0,False,0,0,not present in supplied CSV schema,not present in supplied CSV schema,False,False,False,False,False,False,False,
669,1968,3,Monaco Grand Prix,1968-05-26,2,0,0,0,False,0,0,not present in supplied CSV schema,not present in supplied CSV schema,False,False,False,False,False,False,False,
670,1968,4,Belgian Grand Prix,1968-06-09,3,0,0,0,False,0,0,not present in supplied CSV schema,not present in supplied CSV schema,False,False,False,False,False,False,False,
671,1968,5,Dutch Grand Prix,1968-06-23,2,0,0,0,False,0,0,not present in supplied CSV schema,not present in supplied CSV schema,False,False,False,False,False,False,False,
672,1968,6,French Grand Prix,1968-07-07,2,0,0,0,False,0,0,not present in supplied CSV schema,not present in supplied CSV schema,False,False,False,False,False,False,False,
673,1968,7,British Grand Prix,1968-07-20,2,0,0,0,False,0,0,not present in supplied CSV schema,not present in supplied CSV schema,False,False,False,False,False,False,False,
674,1968,8,German Grand Prix,1968-08-04,10,0,0,0,False,0,0,not present in supplied CSV schema,not present in supplied CSV schema,True,False,False,False,False,False,False,
675,1968,9,Italian Grand Prix,1968-09-08,3,0,0,0,False,0,0,not present in supplied CSV schema,not present in supplied CSV schema,False,False,False,False,False,False,False,
676,1968,10,Canadian Grand Prix,1968-09-22,1,0,0,0,False,0,0,not present in supplied CSV schema,not present in supplied CSV schema,False,False,False,False,False,False,False,
677,1968,11,United States Grand Prix,1968-10-06,2,0,0,0,False,0,0,not present in supplied CSV schema,not present in supplied CSV schema,False,False,False,False,False,False,False,
678,1968,12,Mexican Grand Prix,1968-11-03,4,0,0,0,False,0,0,not present in supplied CSV schema,not present in supplied CSV schema,False,False,False,False,False,False,False,
679,1967,1,South African Grand Prix,1967-01-02,2,0,0,0,False,0,0,not present in supplied CSV schema,not present in supplied CSV schema,False,False,False,False,False,False,False,
680,1967,2,Monaco Grand Prix,1967-05-07,1,0,0,0,False,0,0,not present in supplied CSV schema,not present in supplied CSV schema,False,False,False,False,False,False,False,
681,1967,3,Dutch Grand Prix,1967-06-04,4,0,0,0,False,0,0,not present in supplied CSV schema,not present in supplied CSV schema,False,False,False,False,False,False,False,
682,1967,4,Belgian Grand Prix,1967-06-18,4,0,0,0,False,0,0,not present in supplied CSV schema,not present in supplied CSV schema,False,False,False,False,False,False,False,
683,1967,5,French Grand Prix,1967-07-02,2,0,0,0,False,0,0,not present in supplied CSV schema,not present in supplied CSV schema,False,False,False,False,False,False,False,
684,1967,6,British Grand Prix,1967-07-15,4,0,0,0,False,0,0,not present in supplied CSV schema,not present in supplied CSV schema,False,False,False,False,False,False,False,
685,1967,7,German Grand Prix,1967-08-06,7,0,0,0,False,0,0,not present in supplied CSV schema,not present in supplied CSV schema,True,False,False,False,False,False,False,
686,1967,8,Canadian Grand Prix,1967-08-27,2,0,0,0,False,0,0,not present in supplied CSV schema,not present in supplied CSV schema,False,False,False,False,False,False,False,
687,1967,9,Italian Grand Prix,1967-09-10,4,0,0,0,False,0,0,not present in supplied CSV schema,not present in supplied CSV schema,False,False,False,False,False,False,False,
688,1967,10,United States Grand Prix,1967-10-01,2,0,0,0,False,0,0,not present in supplied CSV schema,not present in supplied CSV schema,False,False,False,False,False,False,False,
689,1967,11,Mexican Grand Prix,1967-10-22,2,0,0,0,False,0,0,not present in supplied CSV schema,not present in supplied CSV schema,False,False,False,False,False,False,False,
690,1966,1,Monaco Grand Prix,1966-05-22,2,0,0,0,False,0,0,not present in supplied CSV schema,not present in supplied CSV schema,False,False,False,False,False,False,False,
691,1966,2,Belgian Grand Prix,1966-06-12,2,0,0,0,False,0,0,not present in supplied CSV schema,not present in supplied CSV schema,False,False,False,False,False,False,False,
692,1966,3,French Grand Prix,1966-07-03,2,0,0,0,False,0,0,not present in supplied CSV schema,not present in supplied CSV schema,False,False,False,False,False,False,False,
693,1966,4,British Grand Prix,1966-07-16,2,0,0,0,False,0,0,not present in supplied CSV schema,not present in supplied CSV schema,False,False,False,False,False,False,False,
694,1966,5,Dutch Grand Prix,1966-07-24,1,0,0,0,False,0,0,not present in supplied CSV schema,not present in supplied CSV schema,False,False,False,False,False,False,False,
695,1966,6,German Grand Prix,1966-08-07,6,0,0,0,False,0,0,not present in supplied CSV schema,not present in supplied CSV schema,True,False,False,False,False,False,False,
696,1966,7,Italian Grand Prix,1966-09-04,3,0,0,0,False,0,0,not present in supplied CSV schema,not present in supplied CSV schema,False,False,False,False,False,False,False,
697,1966,8,United States Grand Prix,1966-10-02,1,0,0,0,False,0,0,not present in supplied CSV schema,not present in supplied CSV schema,False,False,False,False,False,False,False,
698,1966,9,Mexican Grand Prix,1966-10-23,2,0,0,0,False,0,0,not present in supplied CSV schema,not present in supplied CSV schema,False,False,False,False,False,False,False,
699,1965,1,South African Grand Prix,1965-01-01,4,0,0,0,False,0,0,not present in supplied CSV schema,not present in supplied CSV schema,False,False,False,False,False,False,False,
700,1965,2,Monaco Grand Prix,1965-05-30,3,0,0,0,False,0,0,not present in supplied CSV schema,not present in supplied CSV schema,False,False,False,False,False,False,False,
701,1965,3,Belgian Grand Prix,1965-06-13,2,0,0,0,False,0,0,not present in supplied CSV schema,not present in supplied CSV schema,False,False,False,False,False,False,False,
702,1965,4,French Grand Prix,1965-06-27,4,0,0,0,False,0,0,not present in supplied CSV schema,not present in supplied CSV schema,False,False,False,False,False,False,False,
703,1965,5,British Grand Prix,1965-07-10,5,0,0,0,False,0,0,not present in supplied CSV schema,not present in supplied CSV schema,True,False,False,False,False,False,False,
704,1965,6,Dutch Grand Prix,1965-07-18,4,0,0,0,False,0,0,not present in supplied CSV schema,not present in supplied CSV schema,False,False,False,False,False,False,False,
705,1965,7,German Grand Prix,1965-08-01,7,0,0,0,False,0,0,not present in supplied CSV schema,not present in supplied CSV schema,True,False,False,False,False,False,False,
706,1965,8,Italian Grand Prix,1965-09-12,4,0,0,0,False,0,0,not present in supplied CSV schema,not present in supplied CSV schema,False,False,False,False,False,False,False,
707,1965,9,United States Grand Prix,1965-10-03,3,0,0,0,False,0,0,not present in supplied CSV schema,not present in supplied CSV schema,False,False,False,False,False,False,False,
708,1965,10,Mexican Grand Prix,1965-10-24,4,0,0,0,False,0,0,not present in supplied CSV schema,not present in supplied CSV schema,False,False,False,False,False,False,False,
709,1964,1,Monaco Grand Prix,1964-05-10,1,0,0,0,False,0,0,not present in supplied CSV schema,not present in supplied CSV schema,False,False,False,False,False,False,False,
710,1964,2,Dutch Grand Prix,1964-05-24,2,0,0,0,False,0,0,not present in supplied CSV schema,not present in supplied CSV schema,False,False,False,False,False,False,False,
711,1964,3,Belgian Grand Prix,1964-06-14,4,0,0,0,False,0,0,not present in supplied CSV schema,not present in supplied CSV schema,False,False,False,False,False,False,False,
712,1964,4,French Grand Prix,1964-06-28,5,0,0,0,False,0,0,not present in supplied CSV schema,not present in supplied CSV schema,True,False,False,False,False,False,False,
713,1964,5,British Grand Prix,1964-07-11,3,0,0,0,False,0,0,not present in supplied CSV schema,not present in supplied CSV schema,False,False,False,False,False,False,False,
714,1964,6,German Grand Prix,1964-08-02,4,0,0,0,False,0,0,not present in supplied CSV schema,not present in supplied CSV schema,False,False,False,False,False,False,False,
715,1964,7,Austrian Grand Prix,1964-08-23,2,0,0,0,False,0,0,not present in supplied CSV schema,not present in supplied CSV schema,False,False,False,False,False,False,False,
716,1964,8,Italian Grand Prix,1964-09-06,2,0,0,0,False,0,0,not present in supplied CSV schema,not present in supplied CSV schema,False,False,False,False,False,False,False,
717,1964,9,United States Grand Prix,1964-10-04,2,0,0,0,False,0,0,not present in supplied CSV schema,not present in supplied CSV schema,False,False,False,False,False,False,False,
718,1964,10,Mexican Grand Prix,1964-10-25,4,0,0,0,False,0,0,not present in supplied CSV schema,not present in supplied CSV schema,False,False,False,False,False,False,False,
719,1963,1,Monaco Grand Prix,1963-05-26,4,0,0,0,False,0,0,not present in supplied CSV schema,not present in supplied CSV schema,False,False,False,False,False,False,False,
720,1963,2,Belgian Grand Prix,1963-06-09,2,0,0,0,False,0,0,not present in supplied CSV schema,not present in supplied CSV schema,False,False,False,False,False,False,False,
721,1963,3,Dutch Grand Prix,1963-06-23,1,0,0,0,False,0,0,not present in supplied CSV schema,not present in supplied CSV schema,False,False,False,False,False,False,False,
722,1963,4,French Grand Prix,1963-06-30,5,0,0,0,False,0,0,not present in supplied CSV schema,not present in supplied CSV schema,True,False,False,False,False,False,False,
723,1963,5,British Grand Prix,1963-07-20,3,0,0,0,False,0,0,not present in supplied CSV schema,not present in supplied CSV schema,False,False,False,False,False,False,False,
724,1963,6,German Grand Prix,1963-08-04,4,0,0,0,False,0,0,not present in supplied CSV schema,not present in supplied CSV schema,False,False,False,False,False,False,False,
725,1963,7,Italian Grand Prix,1963-09-08,2,0,0,0,False,0,0,not present in supplied CSV schema,not present in supplied CSV schema,False,False,False,False,False,False,False,
726,1963,8,United States Grand Prix,1963-10-06,2,0,0,0,False,0,0,not present in supplied CSV schema,not present in supplied CSV schema,False,False,False,False,False,False,False,
727,1963,9,Mexican Grand Prix,1963-10-27,3,0,0,0,False,0,0,not present in supplied CSV schema,not present in supplied CSV schema,False,False,False,False,False,False,False,
728,1963,10,South African Grand Prix,1963-12-28,2,0,0,0,False,0,0,not present in supplied CSV schema,not present in supplied CSV schema,False,False,False,False,False,False,False,
729,1962,1,Dutch Grand Prix,1962-05-20,3,0,0,0,False,0,0,not present in supplied CSV schema,not present in supplied CSV schema,False,False,False,False,False,False,False,
730,1962,2,Monaco Grand Prix,1962-06-03,3,0,0,0,False,0,0,not present in supplied CSV schema,not present in supplied CSV schema,False,False,False,False,False,False,False,
731,1962,3,Belgian Grand Prix,1962-06-17,4,0,0,0,False,0,0,not present in supplied CSV schema,not present in supplied CSV schema,False,False,False,False,False,False,False,
732,1962,4,French Grand Prix,1962-07-08,1,0,0,0,False,0,0,not present in supplied CSV schema,not present in supplied CSV schema,False,False,False,False,False,False,False,
733,1962,5,British Grand Prix,1962-07-21,4,0,0,0,False,0,0,not present in supplied CSV schema,not present in supplied CSV schema,False,False,False,False,False,False,False,
734,1962,6,German Grand Prix,1962-08-05,13,0,0,0,False,0,0,not present in supplied CSV schema,not present in supplied CSV schema,False,False,False,False,False,False,False,
735,1962,7,Italian Grand Prix,1962-09-16,5,0,0,0,False,0,0,not present in supplied CSV schema,not present in supplied CSV schema,True,False,False,False,False,False,False,
736,1962,8,United States Grand Prix,1962-10-07,2,0,0,0,False,0,0,not present in supplied CSV schema,not present in supplied CSV schema,False,False,False,False,False,False,False,
737,1962,9,South African Grand Prix,1962-12-29,4,0,0,0,False,0,0,not present in supplied CSV schema,not present in supplied CSV schema,False,False,False,False,False,False,False,
738,1961,1,Monaco Grand Prix,1961-05-14,3,0,0,0,False,0,0,not present in supplied CSV schema,not present in supplied CSV schema,False,False,False,False,False,False,False,
739,1961,2,Dutch Grand Prix,1961-05-22,8,0,0,0,False,0,0,not present in supplied CSV schema,not present in supplied CSV schema,True,False,False,False,False,False,False,
740,1961,3,Belgian Grand Prix,1961-06-18,8,0,0,0,False,0,0,not present in supplied CSV schema,not present in supplied CSV schema,True,False,False,False,False,False,False,
741,1961,4,French Grand Prix,1961-07-02,7,0,0,0,False,0,0,not present in supplied CSV schema,not present in supplied CSV schema,True,False,False,False,False,False,False,
742,1961,5,British Grand Prix,1961-07-15,6,0,0,0,False,0,0,not present in supplied CSV schema,not present in supplied CSV schema,True,False,False,False,False,False,False,
743,1961,6,German Grand Prix,1961-08-06,10,0,0,0,False,0,0,not present in supplied CSV schema,not present in supplied CSV schema,True,False,False,False,False,False,False,
744,1961,7,Italian Grand Prix,1961-09-10,5,0,0,0,False,0,0,not present in supplied CSV schema,not present in supplied CSV schema,True,False,False,False,False,False,False,
745,1961,8,United States Grand Prix,1961-10-08,4,0,0,0,False,0,0,not present in supplied CSV schema,not present in supplied CSV schema,False,False,False,False,False,False,False,
746,1960,1,Argentine Grand Prix,1960-02-07,5,0,0,0,False,0,0,not present in supplied CSV schema,not present in supplied CSV schema,True,False,False,False,False,False,False,
747,1960,2,Monaco Grand Prix,1960-05-29,3,0,0,0,False,0,0,not present in supplied CSV schema,not present in supplied CSV schema,False,False,False,False,False,False,False,
748,1960,3,Indianapolis 500,1960-05-30,13,0,0,0,False,0,0,not present in supplied CSV schema,not present in supplied CSV schema,False,False,False,False,False,False,False,
749,1960,4,Dutch Grand Prix,1960-06-06,4,0,0,0,False,0,0,not present in supplied CSV schema,not present in supplied CSV schema,False,False,False,False,False,False,False,
750,1960,5,Belgian Grand Prix,1960-06-19,2,0,0,0,False,0,0,not present in supplied CSV schema,not present in supplied CSV schema,False,False,False,False,False,False,False,
751,1960,6,French Grand Prix,1960-07-03,3,0,0,0,False,0,0,not present in supplied CSV schema,not present in supplied CSV schema,False,False,False,False,False,False,False,
752,1960,7,British Grand Prix,1960-07-16,3,0,0,0,False,0,0,not present in supplied CSV schema,not present in supplied CSV schema,False,False,False,False,False,False,False,
753,1960,8,Portuguese Grand Prix,1960-08-14,4,0,0,0,False,0,0,not present in supplied CSV schema,not present in supplied CSV schema,False,False,False,False,False,False,False,
754,1960,9,Italian Grand Prix,1960-09-04,2,0,0,0,False,0,0,not present in supplied CSV schema,not present in supplied CSV schema,False,False,False,False,False,False,False,
755,1960,10,United States Grand Prix,1960-11-20,3,0,0,0,False,0,0,not present in supplied CSV schema,not present in supplied CSV schema,False,False,False,False,False,False,False,
756,1959,1,Monaco Grand Prix,1959-05-10,2,0,0,0,False,0,0,not present in supplied CSV schema,not present in supplied CSV schema,False,False,False,False,False,False,False,
757,1959,2,Indianapolis 500,1959-05-30,16,0,0,0,False,0,0,not present in supplied CSV schema,not present in supplied CSV schema,False,False,False,False,False,False,False,
758,1959,3,Dutch Grand Prix,1959-05-31,3,0,0,0,False,0,0,not present in supplied CSV schema,not present in supplied CSV schema,False,False,False,False,False,False,False,
759,1959,4,French Grand Prix,1959-07-05,6,0,0,0,False,0,0,not present in supplied CSV schema,not present in supplied CSV schema,True,False,False,False,False,False,False,
760,1959,5,British Grand Prix,1959-07-18,3,0,0,0,False,0,0,not present in supplied CSV schema,not present in supplied CSV schema,False,False,False,False,False,False,False,
761,1959,6,German Grand Prix,1959-08-02,3,0,0,0,False,0,0,not present in supplied CSV schema,not present in supplied CSV schema,False,False,False,False,False,False,False,
762,1959,7,Portuguese Grand Prix,1959-08-23,1,0,0,0,False,0,0,not present in supplied CSV schema,not present in supplied CSV schema,False,False,False,False,False,False,False,
763,1959,8,Italian Grand Prix,1959-09-13,4,0,0,0,False,0,0,not present in supplied CSV schema,not present in supplied CSV schema,False,False,False,False,False,False,False,
764,1959,9,United States Grand Prix,1959-12-12,4,0,0,0,False,0,0,not present in supplied CSV schema,not present in supplied CSV schema,False,False,False,False,False,False,False,
765,1958,1,Argentine Grand Prix,1958-01-19,4,0,0,0,False,0,0,not present in supplied CSV schema,not present in supplied CSV schema,False,False,False,False,False,False,False,
766,1958,2,Monaco Grand Prix,1958-05-18,3,0,0,0,False,0,0,not present in supplied CSV schema,not present in supplied CSV schema,False,False,False,False,False,False,False,
767,1958,3,Dutch Grand Prix,1958-05-26,3,0,0,0,False,0,0,not present in supplied CSV schema,not present in supplied CSV schema,False,False,False,False,False,False,False,
768,1958,4,Indianapolis 500,1958-05-30,13,0,0,0,False,0,0,not present in supplied CSV schema,not present in supplied CSV schema,False,False,False,False,False,False,False,
769,1958,5,Belgian Grand Prix,1958-06-15,4,0,0,0,False,0,0,not present in supplied CSV schema,not present in supplied CSV schema,False,False,False,False,False,False,False,
770,1958,6,French Grand Prix,1958-07-06,5,0,0,0,False,0,0,not present in supplied CSV schema,not present in supplied CSV schema,True,False,False,False,False,False,False,
771,1958,7,British Grand Prix,1958-07-19,6,0,0,0,False,0,0,not present in supplied CSV schema,not present in supplied CSV schema,True,False,False,False,False,False,False,
772,1958,8,German Grand Prix,1958-08-03,9,0,0,0,False,0,0,not present in supplied CSV schema,not present in supplied CSV schema,True,False,False,False,False,False,False,
773,1958,9,Portuguese Grand Prix,1958-08-24,2,0,0,0,False,0,0,not present in supplied CSV schema,not present in supplied CSV schema,False,False,False,False,False,False,False,
774,1958,10,Italian Grand Prix,1958-09-07,3,0,0,0,False,0,0,not present in supplied CSV schema,not present in supplied CSV schema,False,False,False,False,False,False,False,
775,1958,11,Moroccan Grand Prix,1958-10-19,5,0,0,0,False,0,0,not present in supplied CSV schema,not present in supplied CSV schema,True,False,False,False,False,False,False,
776,1957,1,Argentine Grand Prix,1957-01-13,2,0,0,0,False,0,0,not present in supplied CSV schema,not present in supplied CSV schema,False,False,False,False,False,False,False,
777,1957,2,Monaco Grand Prix,1957-05-19,2,0,0,0,False,0,0,not present in supplied CSV schema,not present in supplied CSV schema,False,False,False,False,False,False,False,
778,1957,3,Indianapolis 500,1957-05-30,11,0,0,0,False,0,0,not present in supplied CSV schema,not present in supplied CSV schema,False,False,False,False,False,False,False,
779,1957,4,French Grand Prix,1957-07-07,3,0,0,0,False,0,0,not present in supplied CSV schema,not present in supplied CSV schema,False,False,False,False,False,False,False,
780,1957,5,British Grand Prix,1957-07-20,4,0,0,0,False,0,0,not present in supplied CSV schema,not present in supplied CSV schema,False,False,False,False,False,False,False,
781,1957,6,German Grand Prix,1957-08-04,7,0,0,0,False,0,0,not present in supplied CSV schema,not present in supplied CSV schema,True,False,False,False,False,False,False,
782,1957,7,Pescara Grand Prix,1957-08-18,4,0,0,0,False,0,0,not present in supplied CSV schema,not present in supplied CSV schema,False,False,False,False,False,False,False,
783,1957,8,Italian Grand Prix,1957-09-08,2,0,0,0,False,0,0,not present in supplied CSV schema,not present in supplied CSV schema,False,False,False,False,False,False,False,
784,1956,1,Argentine Grand Prix,1956-01-22,3,0,0,0,False,0,0,not present in supplied CSV schema,not present in supplied CSV schema,False,False,False,False,False,False,False,
785,1956,2,Monaco Grand Prix,1956-05-13,3,0,0,0,False,0,0,not present in supplied CSV schema,not present in supplied CSV schema,False,False,False,False,False,False,False,
786,1956,3,Indianapolis 500,1956-05-30,9,0,0,0,False,0,0,not present in supplied CSV schema,not present in supplied CSV schema,True,False,False,False,False,False,False,
787,1956,4,Belgian Grand Prix,1956-06-03,4,0,0,0,False,0,0,not present in supplied CSV schema,not present in supplied CSV schema,False,False,False,False,False,False,False,
788,1956,5,French Grand Prix,1956-07-01,4,0,0,0,False,0,0,not present in supplied CSV schema,not present in supplied CSV schema,False,False,False,False,False,False,False,
789,1956,6,British Grand Prix,1956-07-14,1,0,0,0,False,0,0,not present in supplied CSV schema,not present in supplied CSV schema,False,False,False,False,False,False,False,
790,1956,7,German Grand Prix,1956-08-05,3,0,0,0,False,0,0,not present in supplied CSV schema,not present in supplied CSV schema,False,False,False,False,False,False,False,
791,1956,8,Italian Grand Prix,1956-09-02,3,0,0,0,False,0,0,not present in supplied CSV schema,not present in supplied CSV schema,False,False,False,False,False,False,False,
792,1955,1,Argentine Grand Prix,1955-01-16,4,0,0,0,False,0,0,not present in supplied CSV schema,not present in supplied CSV schema,False,False,False,False,False,False,False,
793,1955,2,Monaco Grand Prix,1955-05-22,2,0,0,0,False,0,0,not present in supplied CSV schema,not present in supplied CSV schema,False,False,False,False,False,False,False,
794,1955,3,Indianapolis 500,1955-05-30,12,0,0,0,False,0,0,not present in supplied CSV schema,not present in supplied CSV schema,False,False,False,False,False,False,False,
795,1955,4,Belgian Grand Prix,1955-06-05,4,0,0,0,False,0,0,not present in supplied CSV schema,not present in supplied CSV schema,False,False,False,False,False,False,False,
796,1955,5,Dutch Grand Prix,1955-06-19,3,0,0,0,False,0,0,not present in supplied CSV schema,not present in supplied CSV schema,False,False,False,False,False,False,False,
797,1955,6,British Grand Prix,1955-07-16,3,0,0,0,False,0,0,not present in supplied CSV schema,not present in supplied CSV schema,False,False,False,False,False,False,False,
798,1955,7,Italian Grand Prix,1955-09-11,4,0,0,0,False,0,0,not present in supplied CSV schema,not present in supplied CSV schema,False,False,False,False,False,False,False,
799,1954,1,Argentine Grand Prix,1954-01-17,3,0,0,0,False,0,0,not present in supplied CSV schema,not present in supplied CSV schema,False,False,False,False,False,False,False,
800,1954,2,Indianapolis 500,1954-05-31,17,0,0,0,False,0,0,not present in supplied CSV schema,not present in supplied CSV schema,False,False,False,False,False,False,False,
801,1954,3,Belgian Grand Prix,1954-06-20,2,0,0,0,False,0,0,not present in supplied CSV schema,not present in supplied CSV schema,False,False,False,False,False,False,False,
802,1954,4,French Grand Prix,1954-07-04,2,0,0,0,False,0,0,not present in supplied CSV schema,not present in supplied CSV schema,False,False,False,False,False,False,False,
803,1954,5,British Grand Prix,1954-07-17,2,0,0,0,False,0,0,not present in supplied CSV schema,not present in supplied CSV schema,False,False,False,False,False,False,False,
804,1954,6,German Grand Prix,1954-08-01,6,0,0,0,False,0,0,not present in supplied CSV schema,not present in supplied CSV schema,True,False,False,False,False,False,False,
805,1954,7,Swiss Grand Prix,1954-08-22,2,0,0,0,False,0,0,not present in supplied CSV schema,not present in supplied CSV schema,False,False,False,False,False,False,False,
806,1954,8,Italian Grand Prix,1954-09-05,1,0,0,0,False,0,0,not present in supplied CSV schema,not present in supplied CSV schema,False,False,False,False,False,False,False,
807,1954,9,Spanish Grand Prix,1954-10-24,2,0,0,0,False,0,0,not present in supplied CSV schema,not present in supplied CSV schema,False,False,False,False,False,False,False,
808,1953,1,Argentine Grand Prix,1953-01-18,1,0,0,0,False,0,0,not present in supplied CSV schema,not present in supplied CSV schema,False,False,False,False,False,False,False,
809,1953,2,Indianapolis 500,1953-05-30,11,0,0,0,False,0,0,not present in supplied CSV schema,not present in supplied CSV schema,False,False,False,False,False,False,False,
810,1953,3,Dutch Grand Prix,1953-06-07,2,0,0,0,False,0,0,not present in supplied CSV schema,not present in supplied CSV schema,False,False,False,False,False,False,False,
811,1953,4,Belgian Grand Prix,1953-06-21,2,0,0,0,False,0,0,not present in supplied CSV schema,not present in supplied CSV schema,False,False,False,False,False,False,False,
812,1953,5,French Grand Prix,1953-07-05,6,0,0,0,False,0,0,not present in supplied CSV schema,not present in supplied CSV schema,True,False,False,False,False,False,False,
813,1953,6,British Grand Prix,1953-07-18,2,0,0,0,False,0,0,not present in supplied CSV schema,not present in supplied CSV schema,False,False,False,False,False,False,False,
814,1953,7,German Grand Prix,1953-08-02,4,0,0,0,False,0,0,not present in supplied CSV schema,not present in supplied CSV schema,False,False,False,False,False,False,False,
815,1953,8,Swiss Grand Prix,1953-08-23,3,0,0,0,False,0,0,not present in supplied CSV schema,not present in supplied CSV schema,False,False,False,False,False,False,False,
816,1953,9,Italian Grand Prix,1953-09-13,2,0,0,0,False,0,0,not present in supplied CSV schema,not present in supplied CSV schema,False,False,False,False,False,False,False,
817,1952,1,Swiss Grand Prix,1952-05-18,2,0,0,0,False,0,0,not present in supplied CSV schema,not present in supplied CSV schema,False,False,False,False,False,False,False,
818,1952,2,Indianapolis 500,1952-05-30,14,0,0,0,False,0,0,not present in supplied CSV schema,not present in supplied CSV schema,False,False,False,False,False,False,False,
819,1952,3,Belgian Grand Prix,1952-06-22,3,0,0,0,False,0,0,not present in supplied CSV schema,not present in supplied CSV schema,False,False,False,False,False,False,False,
820,1952,4,French Grand Prix,1952-07-06,1,0,0,0,False,0,0,not present in supplied CSV schema,not present in supplied CSV schema,False,False,False,False,False,False,False,
821,1952,5,British Grand Prix,1952-07-19,1,0,0,0,False,0,0,not present in supplied CSV schema,not present in supplied CSV schema,False,False,False,False,False,False,False,
822,1952,6,German Grand Prix,1952-08-03,3,0,0,0,False,0,0,not present in supplied CSV schema,not present in supplied CSV schema,False,False,False,False,False,False,False,
823,1952,7,Dutch Grand Prix,1952-08-17,3,0,0,0,False,0,0,not present in supplied CSV schema,not present in supplied CSV schema,False,False,False,False,False,False,False,
824,1952,8,Italian Grand Prix,1952-09-07,4,0,0,0,False,0,0,not present in supplied CSV schema,not present in supplied CSV schema,False,False,False,False,False,False,False,
825,1951,1,Swiss Grand Prix,1951-05-27,3,0,0,0,False,0,0,not present in supplied CSV schema,not present in supplied CSV schema,False,False,False,False,False,False,False,
826,1951,2,Indianapolis 500,1951-05-30,7,0,0,0,False,0,0,not present in supplied CSV schema,not present in supplied CSV schema,True,False,False,False,False,False,False,
827,1951,3,Belgian Grand Prix,1951-06-17,3,0,0,0,False,0,0,not present in supplied CSV schema,not present in supplied CSV schema,False,False,False,False,False,False,False,
828,1951,4,French Grand Prix,1951-07-01,4,0,0,0,False,0,0,not present in supplied CSV schema,not present in supplied CSV schema,False,False,False,False,False,False,False,
829,1951,5,British Grand Prix,1951-07-14,2,0,0,0,False,0,0,not present in supplied CSV schema,not present in supplied CSV schema,False,False,False,False,False,False,False,
830,1951,6,German Grand Prix,1951-07-29,5,0,0,0,False,0,0,not present in supplied CSV schema,not present in supplied CSV schema,True,False,False,False,False,False,False,
831,1951,7,Italian Grand Prix,1951-09-16,2,0,0,0,False,0,0,not present in supplied CSV schema,not present in supplied CSV schema,False,False,False,False,False,False,False,
832,1951,8,Spanish Grand Prix,1951-10-28,3,0,0,0,False,0,0,not present in supplied CSV schema,not present in supplied CSV schema,False,False,False,False,False,False,False,
833,1950,1,British Grand Prix,1950-05-13,3,0,0,0,False,0,0,not present in supplied CSV schema,not present in supplied CSV schema,False,False,False,False,False,False,False,
834,1950,2,Monaco Grand Prix,1950-05-21,1,0,0,0,False,0,0,not present in supplied CSV schema,not present in supplied CSV schema,False,False,False,False,False,False,False,
835,1950,3,Indianapolis 500,1950-05-30,1,0,0,0,False,0,0,not present in supplied CSV schema,not present in supplied CSV schema,False,False,False,False,False,False,False,
836,1950,4,Swiss Grand Prix,1950-06-04,2,0,0,0,False,0,0,not present in supplied CSV schema,not present in supplied CSV schema,False,False,False,False,False,False,False,
837,1950,5,Belgian Grand Prix,1950-06-18,4,0,0,0,False,0,0,not present in supplied CSV schema,not present in supplied CSV schema,False,False,False,False,False,False,False,
838,1950,6,French Grand Prix,1950-07-02,2,0,0,0,False,0,0,not present in supplied CSV schema,not present in supplied CSV schema,False,False,False,False,False,False,False,
839,1950,7,Italian Grand Prix,1950-09-03,4,0,0,0,False,0,0,not present in supplied CSV schema,not present in supplied CSV schema,False,False,False,False,False,False,False,
841,2011,1,Australian Grand Prix,2011-03-27,7,22,21,45,False,7,7,verified,verified,True,True,True,True,True,True,True,Preferred race passed all rules
842,2011,2,Malaysian Grand Prix,2011-04-10,10,24,22,59,False,10,10,not present in supplied CSV schema,not present in supplied CSV schema,True,True,True,True,False,False,False,
843,2011,3,Chinese Grand Prix,2011-04-17,14,24,24,58,False,14,14,not present in supplied CSV schema,not present in supplied CSV schema,False,True,True,True,False,False,False,
844,2011,4,Turkish Grand Prix,2011-05-08,12,23,23,82,False,12,12,not present in supplied CSV schema,not present in supplied CSV schema,False,True,True,True,False,False,False,
845,2011,5,Spanish Grand Prix,2011-05-22,4,24,24,77,False,4,4,not present in supplied CSV schema,not present in supplied CSV schema,False,True,True,True,False,False,False,
846,2011,6,Monaco Grand Prix,2011-05-29,6,23,23,43,False,6,6,not present in supplied CSV schema,not present in supplied CSV schema,True,True,True,True,False,False,False,
847,2011,7,Canadian Grand Prix,2011-06-12,12,24,23,75,False,12,12,not present in supplied CSV schema,not present in supplied CSV schema,False,True,True,True,False,False,False,
848,2011,8,European Grand Prix,2011-06-26,7,24,24,65,False,7,7,not present in supplied CSV schema,not present in supplied CSV schema,True,True,True,True,False,False,False,
849,2011,9,British Grand Prix,2011-07-10,12,24,22,54,False,12,12,not present in supplied CSV schema,not present in supplied CSV schema,False,True,True,True,False,False,False,
850,2011,10,German Grand Prix,2011-07-24,6,24,22,50,False,6,6,not present in supplied CSV schema,not present in supplied CSV schema,True,True,True,True,False,False,False,
851,2011,11,Hungarian Grand Prix,2011-07-31,6,24,24,88,False,6,6,not present in supplied CSV schema,not present in supplied CSV schema,True,True,True,True,False,False,False,
852,2011,12,Belgian Grand Prix,2011-08-28,13,23,22,52,False,13,13,not present in supplied CSV schema,not present in supplied CSV schema,False,True,True,True,False,False,False,
853,2011,13,Italian Grand Prix,2011-09-11,6,21,17,35,False,6,6,not present in supplied CSV schema,not present in supplied CSV schema,True,True,True,True,False,False,False,
854,2011,14,Singapore Grand Prix,2011-09-25,6,24,23,69,False,6,6,not present in supplied CSV schema,not present in supplied CSV schema,True,True,True,True,False,False,False,
855,2011,15,Japanese Grand Prix,2011-10-09,19,24,24,65,False,19,19,not present in supplied CSV schema,not present in supplied CSV schema,False,True,True,True,False,False,False,
856,2011,16,Korean Grand Prix,2011-10-16,12,24,24,50,False,12,12,not present in supplied CSV schema,not present in supplied CSV schema,False,True,True,True,False,False,False,
857,2011,17,Indian Grand Prix,2011-10-30,7,23,22,47,False,7,7,not present in supplied CSV schema,not present in supplied CSV schema,True,True,True,True,False,False,False,
858,2011,18,Abu Dhabi Grand Prix,2011-11-13,9,24,21,42,False,9,9,not present in supplied CSV schema,not present in supplied CSV schema,True,True,True,True,False,False,False,
859,2011,19,Brazilian Grand Prix,2011-11-27,5,24,24,58,False,5,5,not present in supplied CSV schema,not present in supplied CSV schema,True,True,True,True,False,False,False,
860,2012,1,Australian Grand Prix,2012-03-18,12,21,19,41,False,12,12,not present in supplied CSV schema,not present in supplied CSV schema,False,True,True,True,False,False,False,
861,2012,2,Malaysian Grand Prix,2012-03-25,15,24,23,76,False,15,15,not present in supplied CSV schema,not present in supplied CSV schema,False,True,True,True,False,False,False,
862,2012,3,Chinese Grand Prix,2012-04-15,17,24,24,55,False,17,17,not present in supplied CSV schema,not present in supplied CSV schema,False,True,True,True,False,False,False,
863,2012,4,Bahrain Grand Prix,2012-04-22,14,24,24,71,False,14,14,not present in supplied CSV schema,not present in supplied CSV schema,False,True,True,True,False,False,False,
864,2012,5,Spanish Grand Prix,2012-05-13,9,24,23,67,False,9,9,not present in supplied CSV schema,not present in supplied CSV schema,True,True,True,True,False,False,False,
865,2012,6,Monaco Grand Prix,2012-05-27,10,21,21,26,False,10,10,not present in supplied CSV schema,not present in supplied CSV schema,True,True,True,True,False,False,False,
866,2012,7,Canadian Grand Prix,2012-06-10,14,24,22,37,False,14,14,not present in supplied CSV schema,not present in supplied CSV schema,False,True,True,True,False,False,False,
867,2012,8,European Grand Prix,2012-06-24,15,23,23,49,False,15,15,not present in supplied CSV schema,not present in supplied CSV schema,False,True,True,True,False,False,False,
868,2012,9,British Grand Prix,2012-07-08,15,23,23,43,False,15,15,not present in supplied CSV schema,not present in supplied CSV schema,False,True,True,True,False,False,False,
869,2012,10,German Grand Prix,2012-07-22,14,24,24,60,False,14,14,not present in supplied CSV schema,not present in supplied CSV schema,False,True,True,True,False,False,False,
870,2012,11,Hungarian Grand Prix,2012-07-29,14,24,24,58,False,14,14,not present in supplied CSV schema,not present in supplied CSV schema,False,True,True,True,False,False,False,
871,2012,12,Belgian Grand Prix,2012-09-02,13,20,20,38,False,13,13,not present in supplied CSV schema,not present in supplied CSV schema,False,True,True,True,False,False,False,
872,2012,13,Italian Grand Prix,2012-09-09,13,24,23,31,False,13,13,not present in supplied CSV schema,not present in supplied CSV schema,False,True,True,True,False,False,False,
873,2012,14,Singapore Grand Prix,2012-09-23,16,24,24,56,False,16,16,not present in supplied CSV schema,not present in supplied CSV schema,False,True,True,True,False,False,False,
874,2012,15,Japanese Grand Prix,2012-10-07,14,22,22,46,False,14,14,not present in supplied CSV schema,not present in supplied CSV schema,False,True,True,True,False,False,False,
875,2012,16,Korean Grand Prix,2012-10-14,15,23,21,41,False,15,15,not present in supplied CSV schema,not present in supplied CSV schema,False,True,True,True,False,False,False,
876,2012,17,Indian Grand Prix,2012-10-28,14,24,24,28,False,14,14,not present in supplied CSV schema,not present in supplied CSV schema,False,True,True,True,False,False,False,
877,2012,18,Abu Dhabi Grand Prix,2012-11-04,17,23,21,30,False,17,17,not present in supplied CSV schema,not present in supplied CSV schema,False,True,True,True,False,False,False,
878,2012,19,United States Grand Prix,2012-11-18,13,24,22,24,False,13,13,not present in supplied CSV schema,not present in supplied CSV schema,False,True,True,True,False,False,False,
879,2012,20,Brazilian Grand Prix,2012-11-25,9,22,20,69,False,9,9,not present in supplied CSV schema,not present in supplied CSV schema,True,True,True,True,False,False,False,
880,2013,1,Australian Grand Prix,2013-03-17,12,21,21,53,False,12,12,not present in supplied CSV schema,not present in supplied CSV schema,False,True,True,True,False,False,False,
881,2013,2,Malaysian Grand Prix,2013-03-24,11,22,21,73,False,11,11,not present in supplied CSV schema,not present in supplied CSV schema,False,True,True,True,False,False,False,
882,2013,3,Chinese Grand Prix,2013-04-14,14,22,20,57,False,14,14,not present in supplied CSV schema,not present in supplied CSV schema,False,True,True,True,False,False,False,
883,2013,4,Bahrain Grand Prix,2013-04-21,15,22,22,71,False,15,15,not present in supplied CSV schema,not present in supplied CSV schema,False,True,True,True,False,False,False,
884,2013,5,Spanish Grand Prix,2013-05-12,9,22,21,79,False,9,9,not present in supplied CSV schema,not present in supplied CSV schema,True,True,True,True,False,False,False,
885,2013,6,Monaco Grand Prix,2013-05-26,15,22,21,30,False,15,15,not present in supplied CSV schema,not present in supplied CSV schema,False,True,True,True,False,False,False,
886,2013,7,Canadian Grand Prix,2013-06-09,5,22,22,44,False,5,5,not present in supplied CSV schema,not present in supplied CSV schema,True,True,True,True,False,False,False,
887,2013,8,British Grand Prix,2013-06-30,18,22,22,55,False,18,18,not present in supplied CSV schema,not present in supplied CSV schema,False,True,True,True,False,False,False,
888,2013,9,German Grand Prix,2013-07-07,15,22,21,56,False,15,15,not present in supplied CSV schema,not present in supplied CSV schema,False,True,True,True,False,False,False,
890,2013,10,Hungarian Grand Prix,2013-07-28,8,22,21,56,False,8,8,not present in supplied CSV schema,not present in supplied CSV schema,True,True,True,True,False,False,False,
891,2013,11,Belgian Grand Prix,2013-08-25,15,22,21,43,False,15,15,not present in supplied CSV schema,not present in supplied CSV schema,False,True,True,True,False,False,False,
892,2013,12,Italian Grand Prix,2013-09-08,15,21,20,24,False,15,15,not present in supplied CSV schema,not present in supplied CSV schema,False,True,True,True,False,False,False,
893,2013,13,Singapore Grand Prix,2013-09-22,14,22,22,54,False,14,14,not present in supplied CSV schema,not present in supplied CSV schema,False,True,True,True,False,False,False,
894,2013,14,Korean Grand Prix,2013-10-06,17,22,22,49,False,17,17,not present in supplied CSV schema,not present in supplied CSV schema,False,True,True,True,False,False,False,
895,2013,15,Japanese Grand Prix,2013-10-13,11,20,20,48,False,11,11,not present in supplied CSV schema,not present in supplied CSV schema,False,True,True,True,False,False,False,
896,2013,16,Indian Grand Prix,2013-10-27,12,22,21,44,False,12,12,not present in supplied CSV schema,not present in supplied CSV schema,False,True,True,True,False,False,False,
897,2013,17,Abu Dhabi Grand Prix,2013-11-03,13,21,21,41,False,13,13,not present in supplied CSV schema,not present in supplied CSV schema,False,True,True,True,False,False,False,
898,2013,18,United States Grand Prix,2013-11-17,16,21,21,27,False,16,16,not present in supplied CSV schema,not present in supplied CSV schema,False,True,True,True,False,False,False,
899,2013,19,Brazilian Grand Prix,2013-11-24,9,22,21,47,False,9,9,not present in supplied CSV schema,not present in supplied CSV schema,True,True,True,True,False,False,False,
900,2014,1,Australian Grand Prix,2014-03-16,10,20,18,34,False,10,10,not present in supplied CSV schema,not present in supplied CSV schema,True,True,True,True,False,False,False,
901,2014,2,Malaysian Grand Prix,2014-03-30,8,21,20,55,False,8,8,not present in supplied CSV schema,not present in supplied CSV schema,True,True,True,True,False,False,False,
902,2014,3,Bahrain Grand Prix,2014-04-06,15,22,22,57,False,15,15,not present in supplied CSV schema,not present in supplied CSV schema,False,True,True,True,False,False,False,
903,2014,4,Chinese Grand Prix,2014-04-20,9,22,21,45,False,9,9,not present in supplied CSV schema,not present in supplied CSV schema,True,True,True,True,False,False,False,
904,2014,5,Spanish Grand Prix,2014-05-11,6,22,22,48,False,6,6,not present in supplied CSV schema,not present in supplied CSV schema,True,True,True,True,False,False,False,
905,2014,6,Monaco Grand Prix,2014-05-25,4,20,19,27,False,4,4,not present in supplied CSV schema,not present in supplied CSV schema,False,True,True,True,False,False,False,
906,2014,7,Canadian Grand Prix,2014-06-08,10,20,17,33,False,10,10,not present in supplied CSV schema,not present in supplied CSV schema,True,True,True,True,False,False,False,
907,2014,8,Austrian Grand Prix,2014-06-22,11,22,22,41,False,11,11,not present in supplied CSV schema,not present in supplied CSV schema,False,True,True,True,False,False,False,
908,2014,9,British Grand Prix,2014-07-06,9,20,18,23,False,9,9,not present in supplied CSV schema,not present in supplied CSV schema,True,True,True,True,False,False,False,
909,2014,10,German Grand Prix,2014-07-20,8,21,21,55,False,8,8,not present in supplied CSV schema,not present in supplied CSV schema,True,True,True,True,False,False,False,
910,2014,11,Hungarian Grand Prix,2014-07-27,13,22,21,44,False,13,13,not present in supplied CSV schema,not present in supplied CSV schema,False,True,True,True,False,False,False,
911,2014,12,Belgian Grand Prix,2014-08-24,15,22,20,46,False,15,15,not present in supplied CSV schema,not present in supplied CSV schema,False,True,True,True,False,False,False,
912,2014,13,Italian Grand Prix,2014-09-07,13,22,21,23,False,13,13,not present in supplied CSV schema,not present in supplied CSV schema,False,True,True,True,False,False,False,
913,2014,14,Singapore Grand Prix,2014-09-21,16,21,20,54,False,16,16,not present in supplied CSV schema,not present in supplied CSV schema,False,True,True,True,False,False,False,
914,2014,15,Japanese Grand Prix,2014-10-05,9,22,22,79,False,9,9,not present in supplied CSV schema,not present in supplied CSV schema,True,True,True,True,False,False,False,
915,2014,16,Russian Grand Prix,2014-10-12,13,21,20,23,False,13,13,not present in supplied CSV schema,not present in supplied CSV schema,False,True,True,True,False,False,False,
916,2014,17,United States Grand Prix,2014-11-02,10,17,16,36,False,10,10,not present in supplied CSV schema,not present in supplied CSV schema,True,True,True,True,False,False,False,
917,2014,18,Brazilian Grand Prix,2014-11-09,9,18,18,52,False,9,9,not present in supplied CSV schema,not present in supplied CSV schema,True,True,True,True,False,False,False,
918,2014,19,Abu Dhabi Grand Prix,2014-11-23,12,20,20,41,False,12,12,not present in supplied CSV schema,not present in supplied CSV schema,False,True,True,True,False,False,False,
931,2015,6,Monaco Grand Prix,2015-05-24,14,20,19,31,False,14,14,not present in supplied CSV schema,not present in supplied CSV schema,False,True,True,True,False,False,False,
932,2015,7,Canadian Grand Prix,2015-06-07,7,20,20,23,False,7,7,not present in supplied CSV schema,not present in supplied CSV schema,True,True,True,True,False,False,False,
929,2015,4,Bahrain Grand Prix,2015-04-19,7,19,19,43,False,7,7,not present in supplied CSV schema,not present in supplied CSV schema,True,True,True,True,False,False,False,
930,2015,5,Spanish Grand Prix,2015-05-10,6,20,20,46,False,6,6,not present in supplied CSV schema,not present in supplied CSV schema,True,True,True,True,False,False,False,
928,2015,3,Chinese Grand Prix,2015-04-12,9,20,18,38,False,9,9,not present in supplied CSV schema,not present in supplied CSV schema,True,True,True,True,False,False,False,
926,2015,1,Australian Grand Prix,2015-03-15,5,13,13,17,False,5,5,not present in supplied CSV schema,not present in supplied CSV schema,True,True,True,True,False,False,False,
927,2015,2,Malaysian Grand Prix,2015-03-29,7,19,18,50,False,7,7,not present in supplied CSV schema,not present in supplied CSV schema,True,True,True,True,False,False,False,
933,2015,8,Austrian Grand Prix,2015-06-21,6,18,17,21,False,6,6,not present in supplied CSV schema,not present in supplied CSV schema,True,True,True,True,False,False,False,
934,2015,9,British Grand Prix,2015-07-05,7,16,15,33,False,7,7,not present in supplied CSV schema,not present in supplied CSV schema,True,True,True,True,False,False,False,
936,2015,10,Hungarian Grand Prix,2015-07-26,14,20,20,96,False,14,14,not present in supplied CSV schema,not present in supplied CSV schema,False,True,True,True,False,False,False,
937,2015,11,Belgian Grand Prix,2015-08-23,10,19,18,38,False,10,10,not present in supplied CSV schema,not present in supplied CSV schema,True,True,True,True,False,False,False,
938,2015,12,Italian Grand Prix,2015-09-06,6,20,18,23,False,6,6,not present in supplied CSV schema,not present in supplied CSV schema,True,True,True,True,False,False,False,
939,2015,13,Singapore Grand Prix,2015-09-20,12,20,20,42,False,12,12,not present in supplied CSV schema,not present in supplied CSV schema,False,True,True,True,False,False,False,
940,2015,14,Japanese Grand Prix,2015-09-27,9,20,20,45,False,9,9,not present in supplied CSV schema,not present in supplied CSV schema,True,True,True,True,False,False,False,
941,2015,15,Russian Grand Prix,2015-10-11,11,18,17,19,False,11,11,not present in supplied CSV schema,not present in supplied CSV schema,False,True,True,True,False,False,False,
942,2015,16,United States Grand Prix,2015-10-25,12,20,19,47,False,12,12,not present in supplied CSV schema,not present in supplied CSV schema,False,True,True,True,False,False,False,
943,2015,17,Mexican Grand Prix,2015-11-01,14,20,18,38,False,14,14,not present in supplied CSV schema,not present in supplied CSV schema,False,True,True,True,False,False,False,
944,2015,18,Brazilian Grand Prix,2015-11-15,4,19,19,49,False,4,4,not present in supplied CSV schema,not present in supplied CSV schema,False,True,True,True,False,False,False,
945,2015,19,Abu Dhabi Grand Prix,2015-11-29,11,19,19,42,False,11,11,not present in supplied CSV schema,not present in supplied CSV schema,False,True,True,True,False,False,False,
948,2016,1,Australian Grand Prix,2016-03-20,13,21,20,45,False,13,13,not present in supplied CSV schema,not present in supplied CSV schema,False,True,True,True,False,False,False,
949,2016,2,Bahrain Grand Prix,2016-04-03,6,20,19,53,False,6,6,not present in supplied CSV schema,not present in supplied CSV schema,True,True,True,True,False,False,False,
950,2016,3,Chinese Grand Prix,2016-04-17,13,22,22,66,False,13,13,not present in supplied CSV schema,not present in supplied CSV schema,False,True,True,True,False,False,False,
951,2016,4,Russian Grand Prix,2016-05-01,5,19,19,26,False,5,5,not present in supplied CSV schema,not present in supplied CSV schema,True,True,True,True,False,False,False,
952,2016,5,Spanish Grand Prix,2016-05-15,8,20,20,47,False,8,8,not present in supplied CSV schema,not present in supplied CSV schema,True,True,True,True,False,False,False,
953,2016,6,Monaco Grand Prix,2016-05-29,7,22,20,45,False,7,7,not present in supplied CSV schema,not present in supplied CSV schema,True,True,True,True,False,False,False,
954,2016,7,Canadian Grand Prix,2016-06-12,7,22,20,36,False,7,7,not present in supplied CSV schema,not present in supplied CSV schema,True,True,True,True,False,False,False,
955,2016,8,European Grand Prix,2016-06-19,11,22,22,33,False,11,11,not present in supplied CSV schema,not present in supplied CSV schema,False,True,True,True,False,False,False,
956,2016,9,Austrian Grand Prix,2016-07-03,8,22,20,76,False,8,8,not present in supplied CSV schema,not present in supplied CSV schema,True,True,True,True,False,False,False,
957,2016,10,British Grand Prix,2016-07-10,10,22,22,47,False,10,10,not present in supplied CSV schema,not present in supplied CSV schema,True,True,True,True,False,False,False,
958,2016,11,Hungarian Grand Prix,2016-07-24,6,22,22,45,False,6,6,not present in supplied CSV schema,not present in supplied CSV schema,True,True,True,True,False,False,False,
959,2016,12,German Grand Prix,2016-07-31,7,22,22,60,False,7,7,not present in supplied CSV schema,not present in supplied CSV schema,True,True,True,True,False,False,False,
960,2016,13,Belgian Grand Prix,2016-08-28,15,21,17,51,False,15,15,not present in supplied CSV schema,not present in supplied CSV schema,False,True,True,True,False,False,False,
961,2016,14,Italian Grand Prix,2016-09-04,10,22,22,39,False,10,10,not present in supplied CSV schema,not present in supplied CSV schema,True,True,True,True,False,False,False,
962,2016,15,Singapore Grand Prix,2016-09-18,10,20,20,68,False,10,10,not present in supplied CSV schema,not present in supplied CSV schema,True,True,True,True,False,False,False,
963,2016,16,Malaysian Grand Prix,2016-10-02,11,21,20,44,False,11,11,not present in supplied CSV schema,not present in supplied CSV schema,False,True,True,True,False,False,False,
964,2016,17,Japanese Grand Prix,2016-10-09,11,22,22,38,False,11,11,not present in supplied CSV schema,not present in supplied CSV schema,False,True,True,True,False,False,False,
965,2016,18,United States Grand Prix,2016-10-23,6,22,21,43,False,6,6,not present in supplied CSV schema,not present in supplied CSV schema,True,True,True,True,False,False,False,
966,2016,19,Mexican Grand Prix,2016-10-30,10,21,21,28,False,10,10,not present in supplied CSV schema,not present in supplied CSV schema,True,True,True,True,False,False,False,
967,2016,20,Brazilian Grand Prix,2016-11-13,16,21,20,62,False,16,16,not present in supplied CSV schema,not present in supplied CSV schema,False,True,True,True,False,False,False,
968,2016,21,Abu Dhabi Grand Prix,2016-11-27,12,22,20,37,False,12,12,not present in supplied CSV schema,not present in supplied CSV schema,False,True,True,True,False,False,False,
969,2017,1,Australian Grand Prix,2017-03-26,6,20,16,20,False,6,6,not present in supplied CSV schema,not present in supplied CSV schema,True,True,True,True,False,False,False,
970,2017,2,Chinese Grand Prix,2017-04-09,7,19,19,82,False,7,7,not present in supplied CSV schema,not present in supplied CSV schema,True,True,True,True,False,False,False,
971,2017,3,Bahrain Grand Prix,2017-04-16,10,19,18,31,False,10,10,not present in supplied CSV schema,not present in supplied CSV schema,True,True,True,True,False,False,False,
972,2017,4,Russian Grand Prix,2017-04-30,8,17,16,20,False,8,8,not present in supplied CSV schema,not present in supplied CSV schema,True,True,True,True,False,False,False,
973,2017,5,Spanish Grand Prix,2017-05-14,3,19,18,37,False,3,3,not present in supplied CSV schema,not present in supplied CSV schema,False,True,True,True,False,False,False,
974,2017,6,Monaco Grand Prix,2017-05-28,13,20,19,28,False,13,13,not present in supplied CSV schema,not present in supplied CSV schema,False,True,True,True,False,False,False,
975,2017,7,Canadian Grand Prix,2017-06-11,8,18,17,21,False,8,8,not present in supplied CSV schema,not present in supplied CSV schema,True,True,True,True,False,False,False,
976,2017,8,Azerbaijan Grand Prix,2017-06-25,12,20,17,63,False,12,12,not present in supplied CSV schema,not present in supplied CSV schema,False,True,True,True,False,False,False,
977,2017,9,Austrian Grand Prix,2017-07-09,6,19,17,20,False,6,6,not present in supplied CSV schema,not present in supplied CSV schema,True,True,True,True,False,False,False,
978,2017,10,British Grand Prix,2017-07-16,7,18,18,27,False,7,7,not present in supplied CSV schema,not present in supplied CSV schema,True,True,True,True,False,False,False,
979,2017,11,Hungarian Grand Prix,2017-07-30,6,19,19,21,False,6,6,not present in supplied CSV schema,not present in supplied CSV schema,True,True,True,True,False,False,False,
980,2017,12,Belgian Grand Prix,2017-08-27,16,20,18,40,False,16,16,not present in supplied CSV schema,not present in supplied CSV schema,False,True,True,True,False,False,False,
981,2017,13,Italian Grand Prix,2017-09-03,9,20,19,21,False,9,9,not present in supplied CSV schema,not present in supplied CSV schema,True,True,True,True,False,False,False,
982,2017,14,Singapore Grand Prix,2017-09-17,11,17,17,82,False,11,11,not present in supplied CSV schema,not present in supplied CSV schema,False,True,True,True,False,False,False,
983,2017,15,Malaysian Grand Prix,2017-10-01,6,19,18,20,False,6,6,not present in supplied CSV schema,not present in supplied CSV schema,True,True,True,True,False,False,False,
984,2017,16,Japanese Grand Prix,2017-10-08,9,19,17,22,False,9,9,not present in supplied CSV schema,not present in supplied CSV schema,True,True,True,True,False,False,False,
985,2017,17,United States Grand Prix,2017-10-22,7,20,19,25,False,7,7,not present in supplied CSV schema,not present in supplied CSV schema,True,True,True,True,False,False,False,
986,2017,18,Mexican Grand Prix,2017-10-29,4,20,18,23,False,4,4,not present in supplied CSV schema,not present in supplied CSV schema,False,True,True,True,False,False,False,
987,2017,19,Brazilian Grand Prix,2017-11-12,9,17,17,69,False,9,9,not present in supplied CSV schema,not present in supplied CSV schema,True,True,True,True,False,False,False,
988,2017,20,Abu Dhabi Grand Prix,2017-11-26,8,20,20,22,False,8,8,not present in supplied CSV schema,not present in supplied CSV schema,True,True,True,True,False,False,False,
989,2018,1,Australian Grand Prix,2018-03-25,14,20,17,20,False,14,14,not present in supplied CSV schema,not present in supplied CSV schema,False,True,True,True,False,False,False,
990,2018,2,Bahrain Grand Prix,2018-04-08,6,20,19,33,False,6,6,not present in supplied CSV schema,not present in supplied CSV schema,True,True,True,True,False,False,False,
991,2018,3,Chinese Grand Prix,2018-04-15,19,20,20,30,False,19,19,not present in supplied CSV schema,not present in supplied CSV schema,False,True,True,True,False,False,False,
992,2018,4,Azerbaijan Grand Prix,2018-04-29,13,18,17,36,False,13,13,not present in supplied CSV schema,not present in supplied CSV schema,False,True,True,True,False,False,False,
993,2018,5,Spanish Grand Prix,2018-05-13,5,17,16,21,False,5,5,not present in supplied CSV schema,not present in supplied CSV schema,True,True,True,True,False,False,False,
994,2018,6,Monaco Grand Prix,2018-05-27,13,20,20,26,False,13,13,not present in supplied CSV schema,not present in supplied CSV schema,False,True,True,True,False,False,False,
995,2018,7,Canadian Grand Prix,2018-06-10,6,18,18,20,False,6,6,not present in supplied CSV schema,not present in supplied CSV schema,True,True,True,True,False,False,False,
996,2018,8,French Grand Prix,2018-06-24,10,18,17,20,False,10,10,not present in supplied CSV schema,not present in supplied CSV schema,True,True,True,True,False,False,False,
997,2018,9,Austrian Grand Prix,2018-07-01,3,20,17,23,False,3,3,not present in supplied CSV schema,not present in supplied CSV schema,False,True,True,True,False,False,False,
998,2018,10,British Grand Prix,2018-07-08,14,20,19,28,False,14,14,not present in supplied CSV schema,not present in supplied CSV schema,False,True,True,True,False,False,False,
999,2018,11,German Grand Prix,2018-07-22,13,20,19,40,False,13,13,not present in supplied CSV schema,not present in supplied CSV schema,False,True,True,True,False,False,False,
1000,2018,12,Hungarian Grand Prix,2018-07-29,6,19,18,20,False,6,6,not present in supplied CSV schema,not present in supplied CSV schema,True,True,True,True,False,False,False,
1001,2018,13,Belgian Grand Prix,2018-08-26,9,17,16,34,False,9,9,not present in supplied CSV schema,not present in supplied CSV schema,True,True,True,True,False,False,False,
1002,2018,14,Italian Grand Prix,2018-09-02,8,19,18,21,False,8,8,not present in supplied CSV schema,not present in supplied CSV schema,True,True,True,True,False,False,False,
1003,2018,15,Singapore Grand Prix,2018-09-16,7,19,19,25,False,7,7,not present in supplied CSV schema,not present in supplied CSV schema,True,True,True,True,False,False,False,
1004,2018,16,Russian Grand Prix,2018-09-30,7,20,19,20,False,7,7,not present in supplied CSV schema,not present in supplied CSV schema,True,True,True,True,False,False,False,
1005,2018,17,Japanese Grand Prix,2018-10-07,9,20,20,23,False,9,9,not present in supplied CSV schema,not present in supplied CSV schema,True,True,True,True,False,False,False,
1006,2018,18,United States Grand Prix,2018-10-21,8,20,18,24,False,8,8,not present in supplied CSV schema,not present in supplied CSV schema,True,True,True,True,False,False,False,
1007,2018,19,Mexican Grand Prix,2018-10-28,4,20,19,29,False,4,4,not present in supplied CSV schema,not present in supplied CSV schema,False,True,True,True,False,False,False,
1008,2018,20,Brazilian Grand Prix,2018-11-11,9,20,19,25,False,9,9,not present in supplied CSV schema,not present in supplied CSV schema,True,True,True,True,False,False,False,
1009,2018,21,Abu Dhabi Grand Prix,2018-11-25,8,19,17,18,False,8,8,not present in supplied CSV schema,not present in supplied CSV schema,True,True,True,True,False,False,False,
1010,2019,1,Australian Grand Prix,2019-03-17,6,20,19,22,False,6,6,not present in supplied CSV schema,not present in supplied CSV schema,True,True,True,True,False,False,False,
1011,2019,2,Bahrain Grand Prix,2019-03-31,11,20,20,40,False,11,11,not present in supplied CSV schema,not present in supplied CSV schema,False,True,True,True,False,False,False,
1012,2019,3,Chinese Grand Prix,2019-04-14,6,20,20,37,False,6,6,not present in supplied CSV schema,not present in supplied CSV schema,True,True,True,True,False,False,False,
1013,2019,4,Azerbaijan Grand Prix,2019-04-28,9,20,19,26,False,9,9,not present in supplied CSV schema,not present in supplied CSV schema,True,True,True,True,False,False,False,
1014,2019,5,Spanish Grand Prix,2019-05-12,16,20,20,37,False,16,16,not present in supplied CSV schema,not present in supplied CSV schema,False,True,True,True,False,False,False,
1015,2019,6,Monaco Grand Prix,2019-05-26,11,20,20,23,False,11,11,not present in supplied CSV schema,not present in supplied CSV schema,False,True,True,True,False,False,False,
1016,2019,7,Canadian Grand Prix,2019-06-09,5,20,19,22,False,5,5,not present in supplied CSV schema,not present in supplied CSV schema,True,True,True,True,False,False,False,
1017,2019,8,French Grand Prix,2019-06-23,6,20,20,23,False,6,6,not present in supplied CSV schema,not present in supplied CSV schema,True,True,True,True,False,False,False,
1018,2019,9,Austrian Grand Prix,2019-06-30,5,20,20,23,False,5,5,not present in supplied CSV schema,not present in supplied CSV schema,True,True,True,True,False,False,False,
1019,2019,10,British Grand Prix,2019-07-14,13,20,19,29,False,13,13,not present in supplied CSV schema,not present in supplied CSV schema,False,True,True,True,False,False,False,
1020,2019,11,German Grand Prix,2019-07-28,13,20,19,78,False,13,13,not present in supplied CSV schema,not present in supplied CSV schema,False,True,True,True,False,False,False,
1021,2019,12,Hungarian Grand Prix,2019-08-04,4,20,20,24,False,4,4,not present in supplied CSV schema,not present in supplied CSV schema,False,True,True,True,False,False,False,
1022,2019,13,Belgian Grand Prix,2019-09-01,10,19,19,24,False,10,10,not present in supplied CSV schema,not present in supplied CSV schema,True,True,True,True,False,False,False,
1023,2019,14,Italian Grand Prix,2019-09-08,8,20,20,29,False,8,8,not present in supplied CSV schema,not present in supplied CSV schema,True,True,True,True,False,False,False,
1024,2019,15,Singapore Grand Prix,2019-09-22,17,20,20,28,False,17,17,not present in supplied CSV schema,not present in supplied CSV schema,False,True,True,True,False,False,False,
1025,2019,16,Russian Grand Prix,2019-09-29,15,19,19,25,False,15,15,not present in supplied CSV schema,not present in supplied CSV schema,False,True,True,True,False,False,False,
1026,2019,17,Japanese Grand Prix,2019-10-13,5,20,19,31,False,5,5,not present in supplied CSV schema,not present in supplied CSV schema,True,True,True,True,False,False,False,
1027,2019,18,Mexican Grand Prix,2019-10-27,8,20,19,26,False,8,8,not present in supplied CSV schema,not present in supplied CSV schema,True,True,True,True,False,False,False,
1028,2019,19,United States Grand Prix,2019-11-03,7,20,19,33,False,7,7,not present in supplied CSV schema,not present in supplied CSV schema,True,True,True,True,False,False,False,
1029,2019,20,Brazilian Grand Prix,2019-11-17,15,20,20,45,False,15,15,not present in supplied CSV schema,not present in supplied CSV schema,False,True,True,True,False,False,False,
1030,2019,21,Abu Dhabi Grand Prix,2019-12-01,6,20,19,25,False,6,6,not present in supplied CSV schema,not present in supplied CSV schema,True,True,True,True,False,False,False,
1031,2020,1,Austrian Grand Prix,2020-07-05,11,20,16,38,False,11,11,not present in supplied CSV schema,not present in supplied CSV schema,False,True,True,True,False,False,False,
1032,2020,2,Styrian Grand Prix,2020-07-12,8,20,18,21,False,8,8,not present in supplied CSV schema,not present in supplied CSV schema,True,True,True,True,False,False,False,
1033,2020,3,Hungarian Grand Prix,2020-07-19,5,20,20,45,False,5,5,not present in supplied CSV schema,not present in supplied CSV schema,True,True,True,True,False,False,False,
1034,2020,4,British Grand Prix,2020-08-02,16,19,17,22,False,16,16,not present in supplied CSV schema,not present in supplied CSV schema,False,True,True,True,False,False,False,
1035,2020,5,70th Anniversary Grand Prix,2020-08-09,13,20,20,41,False,13,13,not present in supplied CSV schema,not present in supplied CSV schema,False,True,True,True,False,False,False,
1036,2020,6,Spanish Grand Prix,2020-08-16,3,20,20,35,False,3,3,not present in supplied CSV schema,not present in supplied CSV schema,False,True,True,True,False,False,False,
1037,2020,7,Belgian Grand Prix,2020-08-30,17,19,17,20,False,17,17,not present in supplied CSV schema,not present in supplied CSV schema,False,True,True,True,False,False,False,
1038,2020,8,Italian Grand Prix,2020-09-06,16,20,19,37,False,16,16,not present in supplied CSV schema,not present in supplied CSV schema,False,True,True,True,False,False,False,
1039,2020,9,Tuscan Grand Prix,2020-09-13,12,18,14,66,False,12,12,not present in supplied CSV schema,not present in supplied CSV schema,False,True,True,True,False,False,False,
1040,2020,10,Russian Grand Prix,2020-09-27,10,18,18,24,False,10,10,not present in supplied CSV schema,not present in supplied CSV schema,True,True,True,True,False,False,False,
1041,2020,11,Eifel Grand Prix,2020-10-11,15,20,19,33,False,15,15,not present in supplied CSV schema,not present in supplied CSV schema,False,True,True,True,False,False,False,
1042,2020,12,Portuguese Grand Prix,2020-10-25,4,20,20,25,False,4,4,not present in supplied CSV schema,not present in supplied CSV schema,False,True,True,True,False,False,False,
1043,2020,13,Emilia Romagna Grand Prix,2020-11-01,15,20,19,30,False,15,15,not present in supplied CSV schema,not present in supplied CSV schema,False,True,True,True,False,False,False,
1044,2020,14,Turkish Grand Prix,2020-11-15,10,20,20,38,False,10,10,not present in supplied CSV schema,not present in supplied CSV schema,True,True,True,True,False,False,False,
1045,2020,15,Bahrain Grand Prix,2020-11-29,9,19,19,57,False,9,9,not present in supplied CSV schema,not present in supplied CSV schema,True,True,True,True,False,False,False,
1046,2020,16,Sakhir Grand Prix,2020-12-06,17,18,18,39,False,17,17,not present in supplied CSV schema,not present in supplied CSV schema,False,True,True,True,False,False,False,
1047,2020,17,Abu Dhabi Grand Prix,2020-12-13,10,20,19,23,False,10,10,not present in supplied CSV schema,not present in supplied CSV schema,True,True,True,True,False,False,False,
1053,2021,2,Emilia Romagna Grand Prix,2021-04-18,13,19,19,56,False,13,13,not present in supplied CSV schema,not present in supplied CSV schema,False,True,True,True,False,False,False,
1074,2022,1,Bahrain Grand Prix,2022-03-20,17,20,20,58,False,17,17,not present in supplied CSV schema,not present in supplied CSV schema,False,True,True,True,False,False,False,
1052,2021,1,Bahrain Grand Prix,2021-03-28,11,19,19,40,False,11,11,not present in supplied CSV schema,not present in supplied CSV schema,False,True,True,True,False,False,False,
1051,2021,20,Qatar Grand Prix,2021-11-21,8,20,20,30,False,8,8,not present in supplied CSV schema,not present in supplied CSV schema,True,True,True,True,False,False,False,
1054,2021,3,Portuguese Grand Prix,2021-05-02,11,20,19,60,False,11,11,not present in supplied CSV schema,not present in supplied CSV schema,False,True,True,True,False,False,False,
1055,2021,4,Spanish Grand Prix,2021-05-09,7,20,19,37,False,7,7,not present in supplied CSV schema,not present in supplied CSV schema,True,True,True,True,False,False,False,
1056,2021,5,Monaco Grand Prix,2021-05-23,7,19,18,19,False,7,7,not present in supplied CSV schema,not present in supplied CSV schema,True,True,True,True,False,False,False,
1057,2021,6,Azerbaijan Grand Prix,2021-06-06,16,20,18,59,False,16,16,not present in supplied CSV schema,not present in supplied CSV schema,False,True,True,True,False,False,False,
1058,2021,8,Styrian Grand Prix,2021-06-27,4,20,19,24,False,4,4,not present in supplied CSV schema,not present in supplied CSV schema,False,True,True,True,False,False,False,
1059,2021,7,French Grand Prix,2021-06-20,11,20,20,22,False,11,11,not present in supplied CSV schema,not present in supplied CSV schema,False,True,True,True,False,False,False,
1060,2021,9,Austrian Grand Prix,2021-07-04,9,19,19,27,False,9,9,not present in supplied CSV schema,not present in supplied CSV schema,True,True,True,True,False,False,False,
1061,2021,10,British Grand Prix,2021-07-18,11,19,19,41,True,11,11,not present in supplied CSV schema,not present in supplied CSV schema,False,True,True,False,False,False,False,
1062,2021,11,Hungarian Grand Prix,2021-08-01,9,16,16,52,False,9,9,not present in supplied CSV schema,not present in supplied CSV schema,True,True,True,True,False,False,False,
1063,2021,12,Belgian Grand Prix,2021-08-29,20,20,0,0,False,20,0,not present in supplied CSV schema,not present in supplied CSV schema,False,True,False,False,False,False,False,
1064,2021,13,Dutch Grand Prix,2021-09-05,3,20,20,29,False,3,3,not present in supplied CSV schema,not present in supplied CSV schema,False,True,True,True,False,False,False,
1065,2021,14,Italian Grand Prix,2021-09-12,15,19,18,22,True,15,15,not present in supplied CSV schema,not present in supplied CSV schema,False,True,True,False,False,False,False,
1066,2021,15,Russian Grand Prix,2021-09-26,11,20,20,39,False,11,11,not present in supplied CSV schema,not present in supplied CSV schema,False,True,True,True,False,False,False,
1067,2021,16,Turkish Grand Prix,2021-10-10,9,20,19,20,False,9,9,not present in supplied CSV schema,not present in supplied CSV schema,True,True,True,True,False,False,False,
1069,2021,17,United States Grand Prix,2021-10-24,8,20,20,41,False,8,8,not present in supplied CSV schema,not present in supplied CSV schema,True,True,True,True,False,False,False,
1070,2021,18,Mexico City Grand Prix,2021-11-07,5,18,18,25,False,5,5,not present in supplied CSV schema,not present in supplied CSV schema,True,True,True,True,False,False,False,
1071,2021,19,São Paulo Grand Prix,2021-11-14,6,20,20,79,True,6,6,not present in supplied CSV schema,not present in supplied CSV schema,True,True,True,False,False,False,False,
1072,2021,21,Saudi Arabian Grand Prix,2021-12-05,12,20,19,47,False,12,12,not present in supplied CSV schema,not present in supplied CSV schema,False,True,True,True,False,False,False,
1073,2021,22,Abu Dhabi Grand Prix,2021-12-12,11,19,18,29,False,11,11,not present in supplied CSV schema,not present in supplied CSV schema,False,True,True,True,False,False,False,
1075,2022,2,Saudi Arabian Grand Prix,2022-03-27,12,18,17,19,False,12,12,not present in supplied CSV schema,not present in supplied CSV schema,False,True,True,True,False,False,False,
1076,2022,3,Australian Grand Prix,2022-04-10,12,20,18,22,False,12,12,not present in supplied CSV schema,not present in supplied CSV schema,False,True,True,True,False,False,False,
1077,2022,4,Emilia Romagna Grand Prix,2022-04-24,9,19,18,25,True,9,9,not present in supplied CSV schema,not present in supplied CSV schema,True,True,True,False,False,False,False,
1078,2022,5,Miami Grand Prix,2022-05-08,15,20,19,25,False,15,15,not present in supplied CSV schema,not present in supplied CSV schema,False,True,True,True,False,False,False,
1079,2022,6,Spanish Grand Prix,2022-05-22,8,20,20,53,False,8,8,not present in supplied CSV schema,not present in supplied CSV schema,True,True,True,True,False,False,False,
1080,2022,7,Monaco Grand Prix,2022-05-29,14,20,19,53,False,14,14,not present in supplied CSV schema,not present in supplied CSV schema,False,True,True,True,False,False,False,
1081,2022,8,Azerbaijan Grand Prix,2022-06-12,10,20,19,27,False,10,10,not present in supplied CSV schema,not present in supplied CSV schema,True,True,True,True,False,False,False,
1082,2022,9,Canadian Grand Prix,2022-06-19,17,20,18,32,False,17,17,not present in supplied CSV schema,not present in supplied CSV schema,False,True,True,True,False,False,False,
1083,2022,10,British Grand Prix,2022-07-03,14,17,17,47,False,14,14,not present in supplied CSV schema,not present in supplied CSV schema,False,True,True,True,False,False,False,
1084,2022,11,Austrian Grand Prix,2022-07-10,5,20,20,42,True,5,5,not present in supplied CSV schema,not present in supplied CSV schema,True,True,True,False,False,False,False,
1085,2022,12,French Grand Prix,2022-07-24,15,20,19,25,False,15,15,not present in supplied CSV schema,not present in supplied CSV schema,False,True,True,True,False,False,False,
1086,2022,13,Hungarian Grand Prix,2022-07-31,7,20,20,42,False,7,7,not present in supplied CSV schema,not present in supplied CSV schema,True,True,True,True,False,False,False,
1087,2022,14,Belgian Grand Prix,2022-08-28,15,19,18,38,False,15,15,not present in supplied CSV schema,not present in supplied CSV schema,False,True,True,True,False,False,False,
1088,2022,15,Dutch Grand Prix,2022-09-04,17,20,20,72,False,17,17,not present in supplied CSV schema,not present in supplied CSV schema,False,True,True,True,False,False,False,
1089,2022,16,Italian Grand Prix,2022-09-11,12,20,18,28,False,12,12,not present in supplied CSV schema,not present in supplied CSV schema,False,True,True,True,False,False,False,
1091,2022,17,Singapore Grand Prix,2022-10-02,12,20,15,21,False,12,12,not present in supplied CSV schema,not present in supplied CSV schema,False,True,True,True,False,False,False,
1092,2022,18,Japanese Grand Prix,2022-10-09,18,18,18,42,False,18,18,not present in supplied CSV schema,not present in supplied CSV schema,False,True,True,True,False,False,False,
1093,2022,19,United States Grand Prix,2022-10-23,17,20,19,36,False,17,17,not present in supplied CSV schema,not present in supplied CSV schema,False,True,True,True,False,False,False,
1094,2022,20,Mexico City Grand Prix,2022-10-30,6,20,20,23,False,6,6,not present in supplied CSV schema,not present in supplied CSV schema,True,True,True,True,False,False,False,
1095,2022,21,São Paulo Grand Prix,2022-11-13,16,18,18,44,True,16,16,not present in supplied CSV schema,not present in supplied CSV schema,False,True,True,False,False,False,False,
1096,2022,22,Abu Dhabi Grand Prix,2022-11-20,11,20,20,31,False,11,11,not present in supplied CSV schema,not present in supplied CSV schema,False,True,True,True,False,False,False,
1098,2023,1,Bahrain Grand Prix,2023-03-05,11,20,19,50,False,11,11,not present in supplied CSV schema,not present in supplied CSV schema,False,True,True,True,False,False,False,
1099,2023,2,Saudi Arabian Grand Prix,2023-03-19,17,20,20,24,False,17,17,not present in supplied CSV schema,not present in supplied CSV schema,False,True,True,True,False,False,False,
1100,2023,3,Australian Grand Prix,2023-04-02,12,19,18,65,False,12,12,not present in supplied CSV schema,not present in supplied CSV schema,False,True,True,True,False,False,False,
1101,2023,4,Azerbaijan Grand Prix,2023-04-30,16,20,19,23,True,16,16,not present in supplied CSV schema,not present in supplied CSV schema,False,True,True,False,False,False,False,
1102,2023,5,Miami Grand Prix,2023-05-07,18,20,20,20,False,18,18,not present in supplied CSV schema,not present in supplied CSV schema,False,True,True,True,False,False,False,
1104,2023,6,Monaco Grand Prix,2023-05-28,8,20,20,37,False,8,8,not present in supplied CSV schema,not present in supplied CSV schema,True,True,True,True,False,False,False,
1105,2023,7,Spanish Grand Prix,2023-06-04,12,20,20,43,False,12,12,not present in supplied CSV schema,not present in supplied CSV schema,False,True,True,True,False,False,False,
1106,2023,8,Canadian Grand Prix,2023-06-18,14,20,19,33,False,14,14,not present in supplied CSV schema,not present in supplied CSV schema,False,True,True,True,False,False,False,
1107,2023,9,Austrian Grand Prix,2023-07-02,11,20,20,63,True,11,11,not present in supplied CSV schema,not present in supplied CSV schema,False,True,True,False,False,False,False,
1108,2023,10,British Grand Prix,2023-07-09,17,20,18,24,False,17,17,not present in supplied CSV schema,not present in supplied CSV schema,False,True,True,True,False,False,False,
1109,2023,11,Hungarian Grand Prix,2023-07-23,9,20,18,36,False,9,9,not present in supplied CSV schema,not present in supplied CSV schema,True,True,True,True,False,False,False,
1110,2023,12,Belgian Grand Prix,2023-07-30,18,19,19,37,True,18,18,not present in supplied CSV schema,not present in supplied CSV schema,False,True,True,False,False,False,False,
1111,2023,13,Dutch Grand Prix,2023-08-27,17,20,19,101,False,17,17,not present in supplied CSV schema,not present in supplied CSV schema,False,True,True,True,False,False,False,
1112,2023,14,Italian Grand Prix,2023-09-03,16,19,19,25,False,16,16,not present in supplied CSV schema,not present in supplied CSV schema,False,True,True,True,False,False,False,
1113,2023,15,Singapore Grand Prix,2023-09-17,15,18,18,25,False,15,15,not present in supplied CSV schema,not present in supplied CSV schema,False,True,True,True,False,False,False,
1114,2023,16,Japanese Grand Prix,2023-09-24,10,20,20,43,False,10,10,not present in supplied CSV schema,not present in supplied CSV schema,True,True,True,True,False,False,False,
1115,2023,17,Qatar Grand Prix,2023-10-08,13,18,18,54,True,13,13,not present in supplied CSV schema,not present in supplied CSV schema,False,True,True,False,False,False,False,
1116,2023,18,United States Grand Prix,2023-10-22,12,20,18,36,True,12,12,not present in supplied CSV schema,not present in supplied CSV schema,False,True,True,False,False,False,False,
1117,2023,19,Mexico City Grand Prix,2023-10-29,15,20,19,38,False,15,15,not present in supplied CSV schema,not present in supplied CSV schema,False,True,True,True,False,False,False,
1118,2023,20,São Paulo Grand Prix,2023-11-05,9,17,17,67,True,9,9,not present in supplied CSV schema,not present in supplied CSV schema,True,True,True,False,False,False,False,
1119,2023,21,Las Vegas Grand Prix,2023-11-19,17,20,19,31,False,17,17,not present in supplied CSV schema,not present in supplied CSV schema,False,True,True,True,False,False,False,
1120,2023,22,Abu Dhabi Grand Prix,2023-11-26,17,20,20,37,False,17,17,not present in supplied CSV schema,not present in supplied CSV schema,False,True,True,True,False,False,False,
1121,2024,1,Bahrain Grand Prix,2024-03-02,10,20,20,43,False,10,10,not present in supplied CSV schema,not present in supplied CSV schema,True,True,True,True,False,False,False,
1122,2024,2,Saudi Arabian Grand Prix,2024-03-09,12,20,18,19,False,12,12,not present in supplied CSV schema,not present in supplied CSV schema,False,True,True,True,False,False,False,
1123,2024,3,Australian Grand Prix,2024-03-24,9,19,18,36,False,9,9,not present in supplied CSV schema,not present in supplied CSV schema,True,True,True,True,False,False,False,
1124,2024,4,Japanese Grand Prix,2024-04-07,9,18,18,54,False,9,9,not present in supplied CSV schema,not present in supplied CSV schema,True,True,True,True,False,False,False,
1125,2024,5,Chinese Grand Prix,2024-04-21,17,20,20,40,True,17,17,not present in supplied CSV schema,not present in supplied CSV schema,False,True,True,False,False,False,False,
1126,2024,6,Miami Grand Prix,2024-05-05,19,20,20,28,True,19,19,not present in supplied CSV schema,not present in supplied CSV schema,False,True,True,False,False,False,False,
1127,2024,7,Emilia Romagna Grand Prix,2024-05-19,9,20,20,27,False,9,9,not present in supplied CSV schema,not present in supplied CSV schema,True,True,True,True,False,False,False,
1128,2024,8,Monaco Grand Prix,2024-05-26,7,16,16,23,False,7,7,not present in supplied CSV schema,not present in supplied CSV schema,True,True,True,True,False,False,False,
1129,2024,9,Canadian Grand Prix,2024-06-09,14,20,19,42,False,14,14,not present in supplied CSV schema,not present in supplied CSV schema,False,True,True,True,False,False,False,
1130,2024,10,Spanish Grand Prix,2024-06-23,11,20,20,42,False,11,11,not present in supplied CSV schema,not present in supplied CSV schema,False,True,True,True,False,False,False,
1131,2024,11,Austrian Grand Prix,2024-06-30,12,20,20,45,True,12,12,not present in supplied CSV schema,not present in supplied CSV schema,False,True,True,False,False,False,False,
1132,2024,12,British Grand Prix,2024-07-07,12,19,19,45,False,12,12,not present in supplied CSV schema,not present in supplied CSV schema,False,True,True,True,False,False,False,
1133,2024,13,Hungarian Grand Prix,2024-07-21,11,20,20,40,False,11,11,not present in supplied CSV schema,not present in supplied CSV schema,False,True,True,True,False,False,False,
1134,2024,14,Belgian Grand Prix,2024-07-28,18,20,19,34,False,18,18,not present in supplied CSV schema,not present in supplied CSV schema,False,True,True,True,False,False,False,
1135,2024,15,Dutch Grand Prix,2024-08-25,8,20,20,26,False,8,8,not present in supplied CSV schema,not present in supplied CSV schema,True,True,True,True,False,False,False,
1136,2024,16,Italian Grand Prix,2024-09-01,13,20,19,30,False,13,13,not present in supplied CSV schema,not present in supplied CSV schema,False,True,True,True,False,False,False,
1137,2024,17,Azerbaijan Grand Prix,2024-09-15,14,20,20,22,False,14,14,not present in supplied CSV schema,not present in supplied CSV schema,False,True,True,True,False,False,False,
1138,2024,18,Singapore Grand Prix,2024-09-22,7,20,20,23,False,7,7,not present in supplied CSV schema,not present in supplied CSV schema,True,True,True,True,False,False,False,
1139,2024,19,United States Grand Prix,2024-10-20,12,20,19,23,True,12,12,not present in supplied CSV schema,not present in supplied CSV schema,False,True,True,False,False,False,False,
1140,2024,20,Mexico City Grand Prix,2024-10-27,8,18,17,21,False,8,8,not present in supplied CSV schema,not present in supplied CSV schema,True,True,True,True,False,False,False,
1141,2024,21,São Paulo Grand Prix,2024-11-03,15,18,18,35,True,15,15,not present in supplied CSV schema,not present in supplied CSV schema,False,True,True,False,False,False,False,
1142,2024,22,Las Vegas Grand Prix,2024-11-23,16,20,20,39,False,16,16,not present in supplied CSV schema,not present in supplied CSV schema,False,True,True,True,False,False,False,
1143,2024,23,Qatar Grand Prix,2024-12-01,14,18,18,60,True,14,14,not present in supplied CSV schema,not present in supplied CSV schema,False,True,True,False,False,False,False,
1144,2024,24,Abu Dhabi Grand Prix,2024-12-08,10,19,19,28,False,10,10,not present in supplied CSV schema,not present in supplied CSV schema,True,True,True,True,False,False,False,
